{"version":9,"hash":{"type":"Buffer","data":"EyaCFzGkCHnoOFR7YO5X2Ivwi4WYKY6CrXtG3XQq608rB77/DowGoBU+YuvTiLIKU602RHi0PQXq8HvCo7kpSXly9JkyxgSiRRyaqBsaO9VKC4jmRpqBdHBpmP8ukptrbN4VQpXYmv75Z22504pn1jVUBu2FKCnwowZY7LG+shk="},"indexValueMap":{"Ae/m3i9F/tvIG4HmaBAxG7Wb5MPyV505b/KKUFI2FfU=":{"valueMac":{"type":"Buffer","data":"XtgS1jOupeVAjmzz6AIbRClLj0Aoo8XSz3/hoan3ynU="}},"GeRDWMY134ME+igrA/newEfR7DgrOJZSzNoGwQfTBGA=":{"valueMac":{"type":"Buffer","data":"pqBKVG3DJ7FDBGrC5KIHRY2SojI91e25V+wMNDHx3iU="}},"HaJRDTDiB5TYjjd2YUQRNsoNUSMFsT/iQyjXlwxfvqQ=":{"valueMac":{"type":"Buffer","data":"T9H6G+hFJX7Q96mEhjVNBKetPI2PVbJ06fKiG2XiV68="}},"Lw6FZ1tGpVvi67Vm6oWhwOM4FElu0hgTh6R7/vt5UBg=":{"valueMac":{"type":"Buffer","data":"9pDbNqXmTEGRHXolGA28OSXqxu3kmn9x0IEJxcnEYSg="}},"NDM34SozZYpjANPeOBIK/EfO1z7wvT+XsYyIOPAbDtc=":{"valueMac":{"type":"Buffer","data":"navq85Mraoh3UbmLuMLKg6FRFsRlEYRT+LHU+R3TVRA="}},"h/fA0ff83qJvmyAAMRyZttiAdYD3inR8+KwQzqYdvX0=":{"valueMac":{"type":"Buffer","data":"jTv462dFdTf63cru1MsT9IzvCD9pLchMK7fOv5CUDMQ="}},"iau2bvOtagHF9NzEWb4eZ3shQl9QRACr/JmsacSz0zc=":{"valueMac":{"type":"Buffer","data":"JBERX7Zq93wkaoxR7uU2El96w/ua6yFiGfAuU/cU7Ds="}},"orrieIOa3Bk/3hed6cdF0RET8VNUxfs8971cF234Q58=":{"valueMac":{"type":"Buffer","data":"pb4pEmTXxnglcpemjsK5nON9BUu9M7BBoLzqxkxR/dA="}},"qKoFyEfoF9Qq0T8VSOrj4FwBTr7sJYtjEfZ5joK3ZEA=":{"valueMac":{"type":"Buffer","data":"spPwdm8j/KkSx7j9pAnUbQZcQBdkjBdK2kgcPPBc36s="}},"qWslwLrIZqZRI51/Yr2RXoamq40Vo7RO8FePhGkk+FA=":{"valueMac":{"type":"Buffer","data":"KeiDlyDTLhzXb6nKCauxajAVG7jCH9iFGbL+sec7fPU="}},"sEn6yD9Ri2I5eU3EYUasbZBhkfEsRs+OBapXmMa/OZ8=":{"valueMac":{"type":"Buffer","data":"/dbfwdL9ezg37Eb8b0CY384zApx9XduCDZzXpdidnsY="}}}}