{"version":517,"hash":{"type":"Buffer","data":"JLHDYYC8heGjlDtRYv3cgOxM2eN3u5BDl+Hz3n1yV5YM+KG/E/IVuDPG5X6m/aFLelDAUSuFtX2YLH7s+JroC6lKmNkxRSyg4pkrOH6iHY6abkvFhUC0RUUJhS6c2yCjYv14QfvizBvfR56drws+sagBqpn2iFNkK9ZcnAvknJA="},"indexValueMap":{"ABdIj/pBDDU89Q5s9dE/lSmRGvvXfGBe6YfaVmFxHtQ=":{"valueMac":{"type":"Buffer","data":"WAvGGBbNUTezyMNIi7cZsWHTySiyBSKvlHBmkbo2AJc="}},"DN50XIUuSYr+RBp4XDD5Lx73HMvAxBSX2FGrrLhvO9I=":{"valueMac":{"type":"Buffer","data":"nMLmSc8h8I8qm80FTpK28wdzNKWTGogXDE7UIfKTTXo="}},"FddM/rxjfNoJ66Bn35sAj6Lsh7eLkNsXY4a69MJyTeI=":{"valueMac":{"type":"Buffer","data":"6CLdkHHA5zkkA8tnQR8lhVZ1w9ciIlGxLVy8gak0aNc="}},"FjizNFgYm/rQlr6nP3eXPIn0Towrcew6TYszdiSQ+4s=":{"valueMac":{"type":"Buffer","data":"PqftWeHKQ443v45JbAueEnAJDo+FIAptNFAO3BtNT4U="}},"Gj1QtuVGtPQbZoq+IfEyQsecSVkV55gMwyON+Gs6Asc=":{"valueMac":{"type":"Buffer","data":"20zvHGpzLECyQTY5YT+cKqwSsITfqGY1tWJxAgdaucM="}},"HcE/Zci7+eu+6/4OcSOCOu/ltWQxtN+d2lt0orGQY9Q=":{"valueMac":{"type":"Buffer","data":"vgztgxH4XPA9x3TRzi+mYdwHFu1dQmQ22YIIdlhyUkI="}},"IFUpQOkxW1anfeffRgehvP4pz6dP3NmqmruVgz/IVX0=":{"valueMac":{"type":"Buffer","data":"utfO6PhNTm+ko2bfo5DJuHlZCm0MKiBi2vr4Uvse1/4="}},"IYWf43ZLA571b83doI2OAx5+W13IBNh48NTnrSnTHc4=":{"valueMac":{"type":"Buffer","data":"p708nER5cP5ISw4MTs6j54o8zlp/gJZL4NdQ3ipqNF0="}},"IrcrBh97kzbAfF3UwOTuf1N9XnbaENj+aCO1yQC9rTg=":{"valueMac":{"type":"Buffer","data":"mTv8GHteuW3PNzNi2u3L/8Qms39q9RPPCO6SdYCMIVc="}},"Jj5JQPiXU5t8HG+GOMB9l142KN0MrkPrU+50LwrUjv4=":{"valueMac":{"type":"Buffer","data":"iOQYymCGWB6RsLXRBoi7cCTbDgaaGBBcGlCgfDskmcc="}},"LEtz45IOCu//ghKVhv1Srdov/3UeDgdeY/KZuNEZ9Nw=":{"valueMac":{"type":"Buffer","data":"rrtiVrXHHo/Hy1Qf77yu6ym0BoDX5RDi5M5iXMMRahQ="}},"LsH75ngV58T4b3QMNP+O9VohMFFCQxN7zjRr8f8R/NA=":{"valueMac":{"type":"Buffer","data":"K68ZeneoSbTbyDfswGy3YV6WLE1TsMAmczdno4BvSh8="}},"MSyXbYm9MBB6/BpZSdo7i4u6IRSZDrkrtSPpV6gp1nQ=":{"valueMac":{"type":"Buffer","data":"7TMdSzUQA8mAOtXzzi6oJQjjlovbtqcMhDH+SSwFDSU="}},"MUa2TARd3UcZgHs+st/8YuNB+f4mnQtpfWsIson7SwE=":{"valueMac":{"type":"Buffer","data":"JTmc23/S3cm1Ct0RU0edTnMA1zYgX/5V4OvXy/Mmn+g="}},"MXbHKnD4kFCHqxd8AWE1XyWULpVqjdE+QpRAFHlWPgM=":{"valueMac":{"type":"Buffer","data":"D1PDmtwlzOtdNyeZ+T2k/W9p9KqveSU2eTj/rOFGAu8="}},"NXdhTuFnLfMUFMWHuZcECTMXhsPu2i08FahDoS/wRb4=":{"valueMac":{"type":"Buffer","data":"t0G1TnKno01nUcueRPaaploqqKyjwTLtiGw5PwEEgRQ="}},"OAZQ/cXmTVCBam68499hEBVJ8ks0HURwLSryPLyhDPE=":{"valueMac":{"type":"Buffer","data":"6u5jyGeJ23/3Vr61baw4+ck80HVrnYi198Sir570jgs="}},"Oy7mMQ1MTnYTjnOgZ1tYtnTEssKJ+czD+yBYs89lRvs=":{"valueMac":{"type":"Buffer","data":"Dl8LpiXW7OuZeuCWDVhrPBXi/PaOvXxdCaxT+I/em90="}},"Pe8Ly+xcv7SXLhZ1yuaBfFyK9oavGwNAcMxf8J4szd8=":{"valueMac":{"type":"Buffer","data":"uI8MjDUSddnBQeQYC6kGpqaxeGk+husm7SxayJY2gPE="}},"P0SC3z+wiOC+uSUw9hFap8Qtzbf5xbuzaGW/9TFSYrI=":{"valueMac":{"type":"Buffer","data":"2MusTJ+zKx9DOrcFPx56NClKcduBBew6mjPWvkkD270="}},"RMeq8pWNozW4I/6KTHnh5ofUhZHO+EC96pZAzNvFZ0o=":{"valueMac":{"type":"Buffer","data":"ILW3OgbjwvDqW4KptR6vU/iB7A5RsF/GtmsfyvJdp5o="}},"RX28HjxyerQIoSp0Gbw6oVKXrpO7ypk9He88ptRJL98=":{"valueMac":{"type":"Buffer","data":"4Z9wwmmDfdMpGMQ1dTOF7SUMYer4vEyvNtzIDqIvwRw="}},"Rr1ViviuvI5KyBud+GoRWdOFw2iefc+UvieNi+8h/lA=":{"valueMac":{"type":"Buffer","data":"YrsnJN2AXHV6zAxmu2WcKlwWeujpeNIsQaXlM4ib6GM="}},"SyWWc2NmFpRJmpQijOlR0insFtrO7mmzkjycP8xEym0=":{"valueMac":{"type":"Buffer","data":"EU2P4CEHUj4nRdRm5l50bGbUXvm8oG8aGnPBd1TgRm8="}},"S9OH/NVM5D7vJeW+i7HYJ0e6tYc/6+Hu95KO2/4Qiq4=":{"valueMac":{"type":"Buffer","data":"TspQTBiDjiiUHOiS2pT3Bnkg5VGSgLNv/69x0TVJX+U="}},"TNLI59TA6bgiX5haoiLh/Tyu66C2mazMleq40+6/1ZI=":{"valueMac":{"type":"Buffer","data":"iJOkeCFMJ8MfQxj9nsZX1PjXshR3+fZyTGOWGKSaGWY="}},"UVBDzryYjenQxx3v+9lVj97NqOEiiYuOgni4RH9DRng=":{"valueMac":{"type":"Buffer","data":"gKARDqruUFWLdlkJwh6BP4Ebodu+COzAKpWjfybmpY0="}},"V+4j70Y08Mn7Hkk9oTk71Rvimw3GT+sgJWokLQ6G/vU=":{"valueMac":{"type":"Buffer","data":"HxkcxZufji5yelF6ABzMyZmkFq1qdNGFmHC84vvlJrw="}},"W8D44JQkHdqVLpKuMvg07HJIdk6kjjP1pOQcQoP7om0=":{"valueMac":{"type":"Buffer","data":"ItXF4wvR8jKdlqjfRzvemrn865ybLt96ctaJC/ekmDQ="}},"XVHOiVdE8yjEeCTL3VWpCPdtn+i7bIo3n0xca8a/7P8=":{"valueMac":{"type":"Buffer","data":"xoPH42uVaTMdGvbvirCVjPK6m8pocSMzElNpZD5fAYM="}},"Xeo926SmFfvaj4Rc0vnwG/MgjH3Qw9zwExc2/TlTStM=":{"valueMac":{"type":"Buffer","data":"5VQ1OLG75U8I/Z4lucfsIWioMbe1xvf8ETwwmu+eCi4="}},"Xp78WTYB352HoTu2luGiurysidwrzKlj6D9fsKDIVVY=":{"valueMac":{"type":"Buffer","data":"CLrDNj5I6dWaVW1taGD6hhF7OhRJBZnqhWzBDu7VeDQ="}},"Y7LDRjM0VrTpdnyJUAIBR1kR2OlesQTRuW4mfZ9okCc=":{"valueMac":{"type":"Buffer","data":"/cgucfhKARDL31cLlG4BBjZp1CCc+AWgppSF21KueTQ="}},"ZdElOEBZP7Tae5/QxzSnxNTtKp9UH6JJw1nAPIoDAXo=":{"valueMac":{"type":"Buffer","data":"EKJtq3peHIFu8ilCCSzTQONXifBr7R84nUEe+Cpaces="}},"Z2tmTmmSpZRosF5PSud7COMFr0XI785+p9QpDEqLzZA=":{"valueMac":{"type":"Buffer","data":"4etJwOp76W57OLNnrY5QaWrFHERrjUXJ0ub89QB9g5Y="}},"aeULVDNFj5g3JulYkOnvnf9yGathJRNs6F6IJVWWdw4=":{"valueMac":{"type":"Buffer","data":"5v6GZhUAaymNJXzmoO9sd+RJzQXDB302Yz71Tmtydkw="}},"bi34drwjOq35dHeX5DVltZg7DR0lG4+YaRW8izfHYLM=":{"valueMac":{"type":"Buffer","data":"Mq7BzbQVuqXV4yTI5sUFApGC8ls5WTZm4tQDzZYRcvo="}},"cQ31lj7AMpRFwgXIXxPq/5vIc2oq9MlhDg865hl7bK4=":{"valueMac":{"type":"Buffer","data":"AGd4XHxqTn+M8QWSdBaMIRjfg+pIrMh31xVTSLlP/Ik="}},"dAdfEZhgIiQ7p29AFFNWMAAB6tKZ8up5SmnaK0iHPng=":{"valueMac":{"type":"Buffer","data":"6MklrW2avt1vEynDLqS4qIb6dpSPmDIDhTKSkS2bPGY="}},"eAg6HFgg6nq3/X2GnxIENlCdu+n6I5BlantklhaaoBc=":{"valueMac":{"type":"Buffer","data":"oYaVmU+5nGAy2B3QrC5hCbWS+4VUREtfMkd79tYq4Rw="}},"eDAvt7xh5OEOEgAgzI/tZLjuIGmtO0edieNbYKN7VAk=":{"valueMac":{"type":"Buffer","data":"qkJqYhgJwqKbyWVBemvi1zQWWbn57U7lPl6kZPR6ke4="}},"ee3YSJi9EC6hdortCnTUNc8Ml/5Y7+tZ0Dig8Azl+dQ=":{"valueMac":{"type":"Buffer","data":"TSg7uFw/R4Bm3O6iaq7bvdAUUbXwSOtOzrovpw/NY+8="}},"f+APjQ0FGlbBndJXV8j0PRobVh0tjmsFNhxp93qjozk=":{"valueMac":{"type":"Buffer","data":"7bR8HF7X4Au94uiTNdyvPho4FjfdcfKFHGTuN96qE5E="}},"gErfrlwaMCQ1J0WjKODQKYeMqJAJXoJCz+JGHwXZGac=":{"valueMac":{"type":"Buffer","data":"IjD6obt3VwrcyP+Z5sOuR2vyHaDUtfwcnryb48sdnbA="}},"gShX2MYFzVKrr+m/CVrUkQ3UZcZ7hkCX0w7Sv8GuKqc=":{"valueMac":{"type":"Buffer","data":"VR0WRO38LDgaF+HIbaeGkBABKGafU1tr6An9ptbjZ1g="}},"gZbElvLKoZrZfxJaFxwuZuxPxYZ4o6LCluUQYGZrG2Q=":{"valueMac":{"type":"Buffer","data":"penMP2EQ/teSrsoFngLu0Tb2AKwJxXxNagh2A6eY1Lc="}},"gvtM4VYTcFG9IJS9UnKdMOAqr81FpcTybk9Vx2GkWYY=":{"valueMac":{"type":"Buffer","data":"ZlqkxzLiH20iwmMxOr1MiFpy9ndGXbn7nb+AAhQvTpY="}},"hCWlhsji1VOkGvtdOY3hSz/hiaDfQYIAf1HMXJ10fw0=":{"valueMac":{"type":"Buffer","data":"iYvYO1f9YvIS9gF1DLszDSzdcgTgewX4F3jM8R2Mo2k="}},"hE3ULxzvFNzu78CiBcoY5BRO5sxg87blM5dKJdWkld8=":{"valueMac":{"type":"Buffer","data":"4DvLRSC4yWRDbic7uzQgLCafHskccwUOrBNVZ7j2yOI="}},"ht+wqBS96yHm/elLeoi51ebWbbOBFmfED37qh0yxpj0=":{"valueMac":{"type":"Buffer","data":"NSzo2PZAXRRC0nAdD5lVb/Wv4Qj3sOqnjGywAn8cYgA="}},"jLaBeusHMnE7zF9A16DIbmJgeLWC2+49I/YG9bic89o=":{"valueMac":{"type":"Buffer","data":"QX8/EbVCK3yS8oVz7WXe4I6TjtK/YJje8nKUgUWXgJQ="}},"joIPMLtrXNdfIpXPdFrTGe8DKzQWX2LnZIQRxq/crwE=":{"valueMac":{"type":"Buffer","data":"OGwFwvDTMH83fXallJ1QOJA4KzpwSJmgxH/sUL4CC1w="}},"kgiBQIIYUhhbqZbuhajT0pK96obQaQHGofSDGqpZ/kU=":{"valueMac":{"type":"Buffer","data":"xjsUA+tpZMPSPSTXtH4yMbNIwU1dI1XD42/cBRRi8bo="}},"kuSdO4OMfdwy8pZ81IZ0X8lTJFDbe2HeeG0169IRMGE=":{"valueMac":{"type":"Buffer","data":"F+5xnACOSden/SN0I5FzmbsAViK0z65xIeNuykVBUWo="}},"kyrR6ss7n/1G0/DvKpNtKOmlWqGEeYR8pjgbJW+u56g=":{"valueMac":{"type":"Buffer","data":"9TqTy20gnYh2f8YkS5/+VJW0+y+boe+j6tIBGI0pis8="}},"lghBf4Lvjy/u3dKSl3A0I2cletUZI0Zy0619QDJOfpA=":{"valueMac":{"type":"Buffer","data":"BZb0D3wSiKYkC+uykifMypf9b2qXl6Z7p1tdrp5wV3U="}},"mD7StJi/4VkQ2lXsrnejs0xVAf4/gPR3rCM5EzyciWg=":{"valueMac":{"type":"Buffer","data":"UcFNkxPgtHa+BrRl8tXZyNZ67eLKg+mYXm442VQZpPE="}},"mG1Sh6Bgxcw+EBbawVA2YJSoQswv+WOf9M56pV10jEE=":{"valueMac":{"type":"Buffer","data":"evKgnATkl7Coqvrcd8WiLhm7lGsnTRqKM2MdyFV82+w="}},"npNMcicX8W+HMrRwRLoxTbqiczulAN89XMFC8OUiT2g=":{"valueMac":{"type":"Buffer","data":"3CCbo1/EuREvi6N55MbsBS3TESt7ibHDYVbzqOFKt0A="}},"pOdyVlhXON1ua15TDnq6sF3k5PSZky2ITu179Y4ETfE=":{"valueMac":{"type":"Buffer","data":"/EYIM+V6EislseHFxtqlbnL/yadcshsAL75mHAfNDUY="}},"qa0bTdVF3viSx9qsb0m63IFGAIUKX5JFIRyVrz3Vwuk=":{"valueMac":{"type":"Buffer","data":"7rFKoypptcdUZa+7WfDOtCn4tdELOeNdHVdSlsNLh9k="}},"qu/1qPq4ulLUJqZDAiZXE6iXVJe72bVHCOtiTC9LbQ0=":{"valueMac":{"type":"Buffer","data":"EiPu4FK+/tdZoG24JvjyLXsNS/aiU/NinlFpLCmn0jQ="}},"q1/nBsA9wBgL/ZAWvwKls+gPV/6ojEwbJfb5nvH9Nzk=":{"valueMac":{"type":"Buffer","data":"XlJyS+vSKWYZj27aOuGJTejS6dDR0iEGGakH0vLFhMY="}},"rHod5gk6t5sXAVH52urtgkHWWZvbjNCX4cO9KkeAF10=":{"valueMac":{"type":"Buffer","data":"9RvkHL7rTCD/57PBQm2YOc1vvlO6OcSta6ekq4PFqKw="}},"rOfDPdxo30vjS/7aEK7Qndcss6jaWVD53I9qJw55rsY=":{"valueMac":{"type":"Buffer","data":"t5DEf2NtNLRUdppVghdeZHRgaac3gV1e/0JTP4p9/Uw="}},"rQpG9yI3nBOEErD0ogrWKf7PqbPJlC5d2P2Yxdj8lJ8=":{"valueMac":{"type":"Buffer","data":"uJDPSpypkeWeBmo4J9qeps39pjnppONmCyZNQNV6mic="}},"rUc5jjUMX2VGbivngE+JV5T2nYfr8wWr6fDdCvz/hLA=":{"valueMac":{"type":"Buffer","data":"YtOjjteJzvE9x9djze2UZ5ugAAFXZuVzyOnQE6VEexc="}},"sHJ9XNdXPWsf8nALOZwLfy0XMZoY8zCIQfQW9pGgAns=":{"valueMac":{"type":"Buffer","data":"OI0whDbH7b4mNRtU96zRVysDnyEqySwhL/of/PzaHS4="}},"scD3SGXkjOPh8h48GKUSrQDOpYVYDettHx3sYyHpUHw=":{"valueMac":{"type":"Buffer","data":"ckI+elPshH/aBd0xdrU4mqTprxIavLCtS/Kpm9x9bns="}},"sce0xwhcWaOkbGSJh5iI3KVHDFZuQAfkLNJ3d1+/8iw=":{"valueMac":{"type":"Buffer","data":"Xq+fVgC1uiQS8CZsAApzJRocLxdgt2rGqbzzCRA4JZc="}},"sjXhfpcsRX/iDRELT8jN87MuYJUCV6Jn0fJAIWfIA0w=":{"valueMac":{"type":"Buffer","data":"ui6i6QcPag61NfEQa2KDxFkG3eqb/WJ8MtBLRsgYlUs="}},"tigK13cTdQ0vCe++ZGIoc/a3k4l9qH4sY9T3Yx+hAaQ=":{"valueMac":{"type":"Buffer","data":"R/73zqZT8dv4hYdrXi6iNGXFMVuZAIcBmIiqlQY/f+4="}},"tzBzSsjhEDpWlrSG/ZTKJdHaYCQ8WsuGwGsM/HabZzo=":{"valueMac":{"type":"Buffer","data":"Lz5SvaHHo8+NReCzN/zOBAfVndNER9AfJ+Zm6W22lnk="}},"uVzxbRfgVFN70plA+CjS6H5WR0rC74sao/TGcyBOg58=":{"valueMac":{"type":"Buffer","data":"MscbzWDQwgL6cC4YQJqM5Y/zjlwRpxuh7h1Ku+ijeRc="}},"uq8UwrHdrAX/O4hhc6zB6kcurONlJxCWd9jDD9nzZW8=":{"valueMac":{"type":"Buffer","data":"6fBp2ZVgjf+o4HiI7+XNySJM72DQLJZHjo5Xpy5WGKA="}},"wVMHKbTDboWXxCpwBhbrM+N8kHgt+aHbtxNg39e+uLs=":{"valueMac":{"type":"Buffer","data":"i3buwRusbaf6HqrhJ+ZyqJ8lcP/knteBz0k7/QbgDvw="}},"wdPAei/rfdYYYt4PKR0/9+doi5KJTId1Ea9ACByImec=":{"valueMac":{"type":"Buffer","data":"hOUoHP+2nvM5veDjChYtDamu2leC9qSJ4jDG5mEUHDE="}},"wqh7nb+ttwN+0geHfA7B2Zgur+KV9gYgygQm74YLmNk=":{"valueMac":{"type":"Buffer","data":"eym6CHzGmYWE5hVPWCv09fXFD7upyiKhzLv41r4a9s0="}},"xKbDk45Wa3KjLoLyfQQ5AL1ddzN45ICKInVcXoHNNXM=":{"valueMac":{"type":"Buffer","data":"UI9GJaokdtnnDDt45McZ7DKBNyXLZ5yoU/vqT0xnU6E="}},"x4OYvjEmoMWMU3MoRAvQeDVZar7H50GZQqu99qNDdSY=":{"valueMac":{"type":"Buffer","data":"9nymc7Oq6uN9/5cHEaKAzxIk/KFf/PRAEA2sp9UUKec="}},"yDW2Z3bLOOv0i3gHHZkryO6hq9obrtbY+BtSRzJnFHY=":{"valueMac":{"type":"Buffer","data":"lPNS42UuW2hWNIE2jg0ta2YoP6tAFaW8zWzS7OxtslQ="}},"yPZyVcxv0H8/GF2owkeF/KRwIxsxIUys6YRMSdz5zHQ=":{"valueMac":{"type":"Buffer","data":"U48vl9oHk6v97edps314PR6yY1SCAXhusi87zk0sGec="}},"ykesa5KapOFXK+un3MI3tbPeIxBtCbg7OmC6ZdB5ao4=":{"valueMac":{"type":"Buffer","data":"3TR+Ma8is/beEwnT7+4gjqocBErEbUaTepbe5I6nM0E="}},"ytjJ3U28G+gBohFRw8o005Lm5ujV2Wnju08xtnIEZLM=":{"valueMac":{"type":"Buffer","data":"EBckPg6Np/84W75893bmjbDweQZkQ52gk/oZUTQNTo0="}},"y5deNQ9yqkAh64CtoF6Hq++IK7bgACChTVGyP9hVd2k=":{"valueMac":{"type":"Buffer","data":"gOV+8Mlo7ocunvDKHe5d4TiKzqoluFVxJzoopn5owEo="}},"zb3oiSY/qlXQhH5SiS7ukyAhw1u1U7c3BEHXYstZDns=":{"valueMac":{"type":"Buffer","data":"AvXrc2GAiLuCLz03fDgepmVXgSfhHq+RbnNtssKVee8="}},"0K7X45XlbXwRK7Jl7J4Q1rmLVnPYGsnfmuQjXLnWvt4=":{"valueMac":{"type":"Buffer","data":"coBpzc9j1och50QSydCVAd7wdXy722K6ZWDXZGN2g5A="}},"0jZVBj5tzW1hS7WKU7C/UxfK+gGQH3scKQZXJi22180=":{"valueMac":{"type":"Buffer","data":"HyOIygRMw+lQncvP7xDQtkezwu01XT/1ESM769zwfgY="}},"1Kqf014RlMKE0YR73a5uNRiU51hesewgk/VKhoE17cA=":{"valueMac":{"type":"Buffer","data":"7K1kKMByzQdVBFcD2Gq8+MLCrCIl1wDoyFe8b/HEkko="}},"1ShqUih5517tuWWnWkeOcZy7zrrG5iKCCfwjX+vGXVo=":{"valueMac":{"type":"Buffer","data":"LnGxlDWLxCHvphzsJzRT4LamHP5nSKv8go7YxWLO42M="}},"1h+kKFCDyUMGXpuu6/L2gMCeyGTdI5j49xjBvPwVXAA=":{"valueMac":{"type":"Buffer","data":"KAQS7RIdoDUaShax0GCk5R6hAQnxgZaO0MY8ifxK9hw="}},"1kimWNYtoNf+t5lORvxx2AY/yBV9IIvEAwYycXPIVEE=":{"valueMac":{"type":"Buffer","data":"X8PjXOgvuixO8dcQ253D7FRvdTnFWuI6nFgsrjOE7RQ="}},"2tg88+pwzkNeS6YebVHkwVDUb0jkpDYkqebfGle72Xs=":{"valueMac":{"type":"Buffer","data":"5t6axxAe3qmgbkPu1TU19yFJW0DsVOD9MNPKCdoSEjY="}},"3CG5lRJc/OqMfR6qSmiAg1DrG+3NQaTvyrjACL/BHRw=":{"valueMac":{"type":"Buffer","data":"evUFFG1lMQe8hCk9rpituzSGZwa/KmyjN9bMxiZFIfw="}},"3J868y21DCjMg8mgVsVmaNv2xk89LEe2DN8g+lQqqzE=":{"valueMac":{"type":"Buffer","data":"wvGK0XFKBQnhJMOU95BkXvJjNsR5u7vRQ9gQSdow5Ls="}},"3xmcA/9KAHlVBsjPyWrV9UOGJU/okuwQqlsKZ0cpNk0=":{"valueMac":{"type":"Buffer","data":"YIbsseHsarcGiBoGEmD0eTWVwNsq59TkkWDXGiWeqfQ="}},"4oxgOBocg/743p1zOaQ5kImEBY0HxFE4X1BmS/H75F8=":{"valueMac":{"type":"Buffer","data":"prOCuk34iNim98AEOR+7vz63AOAernl0icakxgB+5FA="}},"5Bz+UMvWOtkyTp37uf2Bf6uSilKcvxaSjnEwFsMilSw=":{"valueMac":{"type":"Buffer","data":"O2xbFVlywnEYQvJe4AZjumgbCxQnGvnnkQ3A+1pSK1U="}},"6XAmzwbsyausbbCLu22INAepEAm5YGcwmfEf93I+Iq0=":{"valueMac":{"type":"Buffer","data":"hAv8lWoo122P1QjDK8v6ZtfivWLlcViwDd7Nqpdob9A="}},"6qg49jvQOlXgLWJbIg90UTKvEd09WJdDMfcDLoKbCc4=":{"valueMac":{"type":"Buffer","data":"97t8hFskHoKLQVr2VEfwQHyxQVWxr+N0l0zU+POR17s="}},"68SwMfHRPJv/rUuXO90bqBewo+YezeVRddR5vd3TKE0=":{"valueMac":{"type":"Buffer","data":"NGgBXeKCqjfOr6Thwj3ujlpgRQuiCEeHqVLdn20V728="}},"7908RCRs6QPERKRndlNCv+F4f8XDMc6yrWjHkd6gDA8=":{"valueMac":{"type":"Buffer","data":"+X5UG32U+lHO/Yr6tZg9h1V8Fy12nb16l1DNs/dBNF0="}},"8SnguIiIKGneJ23m7L4XrCjhGSXJuz+ajF9Aj9tY6L0=":{"valueMac":{"type":"Buffer","data":"CjpN6lh1z5ntY+Vmu5/s5uHHoY8uMZFvSR460GYVil4="}},"8Yv+wLaYWYx7CpGeLblAnEvMxUFgz/nphYfz2fp8UiY=":{"valueMac":{"type":"Buffer","data":"+skD7yYozxQovA9/cfjXMl1guA5Q/9X/36ZCUZAIg8E="}},"/tyDQ87jGMhwRXL4zbFs8AasUaUYva7f8DUXF+xLguY=":{"valueMac":{"type":"Buffer","data":"JNWNHjwCS0pvJixBMreT6PzzsNIMRkqgH3bd/95ujQA="}}}}