{"version":34,"hash":{"type":"Buffer","data":"AjKZwwC42WVuZQgcZC5Qz5cX7wF0EdoNkebeNv68GqH00FSiu/GDWd81u6D9mt4txs4LxFWDfWGU+ZmKPRlAp77FuLA7qBQ8LMonUa5XGbVz19K1SNi5kKVFWZ0J3T5x804bqQDKyIkcyGGz8D/i0hfyAqwQMmY+LCma7AJ+sxU="},"indexValueMap":{"Amrv+uHlFTJPyNJGV4DWRavHyBVenPUnkIHUh6i6XbQ=":{"valueMac":{"type":"Buffer","data":"Rd4HExnHUtLQEwZ7p8UWZSbMJPruaKwuZE5gBAo4f6o="}},"AuALiXMntnZk5+lovQ5gaDIW08WwlLq7bmzlqfYSoLU=":{"valueMac":{"type":"Buffer","data":"G1+k1b6JZKnztiGSqBcNM0hu8xAFXgzwwU1vBFrjJ6k="}},"Au5ms22tjnt9xx/RC7S5ydLBkBLpTiP/SYC8avZ9Ls4=":{"valueMac":{"type":"Buffer","data":"BLb3BrZ3UR1f7UIBnUBQrOlITVV3ooMqk4WNgcBFZQk="}},"A4/yPJ+NRlARuc+vNdsAtHd4uxm9nlHx9yN9tYs1ZFg=":{"valueMac":{"type":"Buffer","data":"QcEWh28cRyNYH40B7ihIMu0hBk/iYLsRJDseTvnKvjI="}},"CJd0q46YKSJCTt1dqVgQmG2UG/RnPWzoklEPqzQdWuw=":{"valueMac":{"type":"Buffer","data":"XBRUiBf/H85zHZHGvChD3Afgl1imTkcZbDE6ZQfinow="}},"CLHX55PSq4yDY65213Wisw8ZI0T0zEKhN8JBkKuoGWo=":{"valueMac":{"type":"Buffer","data":"NavKqT0TT10oeavOzhOuFEMhHpK4aclYg56rdOdbrgA="}},"CMtxhHV+YA4a3VRM9/tz8l1iXdGADZtb2DxclqbqQ/g=":{"valueMac":{"type":"Buffer","data":"FCm7xW+QaP93oI518fVX2PZBTOfQMgazQ9zzB2r06a8="}},"C3e3gU7ixNQGHs6+HJ8DEwvrxmcqmGnAO10N6V1Z49c=":{"valueMac":{"type":"Buffer","data":"K29G4TZydRRuM1X4Ow4+gy8Vt7PkEfVXqVf1Asryo5g="}},"DIBrYKYsrZZVNPWbTLbDgRsYED2ggURvvzCVhdGIjEs=":{"valueMac":{"type":"Buffer","data":"1N2dztaIkdQ6rxSDhPuga0sqIDxx4BQ2SRvjrFAsehM="}},"DavhUKFHDAl0V+cgNCAkUrzuicHK3b9PnEerIU10OM0=":{"valueMac":{"type":"Buffer","data":"egSYDzKJxcm1cWc3N+cnwgsyBqdBltio+gYSC41SOcE="}},"DjJy7LS8N9YD/lia0lXmhWc/TrT7QTogJMF3agwo5RQ=":{"valueMac":{"type":"Buffer","data":"zXzXxcfCX1LNavNmRHix6QJed9yKTxzQe4hYjlxav5Y="}},"DuxHzQLWLPrL1XBKzxOr4oPdXAy2M7RgxQljf3h6o8A=":{"valueMac":{"type":"Buffer","data":"oIB/fuIVp+pmvLOvn+QN9LTe/ua77e0WkzLcEkZS2QI="}},"D3AXv8B2KgAHVZ+uIonkwwyp2w9PrlAwfXLjnN33X5s=":{"valueMac":{"type":"Buffer","data":"sXDk1Eq5xQEIPAYbdFCeooeZG6MHBiDlxr9WI097PRs="}},"D3wfp3D17lvQtMqtyy2KpTYNBBu+1u+Tqu5/ZU/a8gs=":{"valueMac":{"type":"Buffer","data":"dGAGhJahwwCzwNLrx0SQd+IjDfuCWLcWp4+ubZ4zDJs="}},"EL7RRPkPn2Qi6HNTfz3ZNyoCHmkDMRGnVenDsaFIZz0=":{"valueMac":{"type":"Buffer","data":"4Kd4kdcyEQlGTYIsyWC3TihayxxG0EoR9e31ryrUC8M="}},"EpCn7I5945O6gjnVpxyeufN9vXXrNf/JzBX8q7IY6cc=":{"valueMac":{"type":"Buffer","data":"1CLvYfPOSk03uPUJKQdUnje48XK3Y/GgMtcoFfe95dk="}},"EqGLK6s2zqjB6KIt0DsH2alfT93ZqZmUqhw11J1jjX4=":{"valueMac":{"type":"Buffer","data":"cNiE26THxlvM8mf7/H/RJmKkz7eyVEQXIWFUzyxFxwA="}},"FG+xBRg6t926KBK2czuvVV0JIlTmUGQWUT22hBW4U6A=":{"valueMac":{"type":"Buffer","data":"SwGpcBSlA/VYXxsK3GfnU3ig4S6oe+jm1SNFQ3x5nCA="}},"FTxxn3bfjMmvnb1gD354+i8/4H8ImHSayr+9oZaBcJk=":{"valueMac":{"type":"Buffer","data":"6Uh04Y9jo01rISr0gds28CurfNgHWqwdf9rCFTs0ZrA="}},"Fa5go0PElQEZXx2t821D2TZH26rQ7THd9tBKMvnlljY=":{"valueMac":{"type":"Buffer","data":"pMn7fzFSVNCqDTVUzFZZHibyq1DkMYGIwOLFJOxhwAs="}},"FjiElUPkYpTy2+mzJ0fYiFWHPSW3aa5DP7kd3dyj0/Q=":{"valueMac":{"type":"Buffer","data":"1v4EuYDydMjPJRhLpEio8H3i805JUsSdWl2+IwtN4rY="}},"GO0PSDAb8nohCyocZ2HdjtXDHsCsgoNiPuHeHKx2XWQ=":{"valueMac":{"type":"Buffer","data":"BDq4OL69A7OyJCzZ2i6mpXGunPbqVVM3Zt9TmfbRomc="}},"GUI2hTd3OuRMK+OEvNJKewLSarP6xoOWzJ1cJmXNicI=":{"valueMac":{"type":"Buffer","data":"YnxZu96wS0OjEZFQsEy3581VzMVjfAwJtTJyHAOxkUE="}},"GiDyMdm5rVPjZ2OEVcJGs76qZTOIoF9H4oYayLzAhqw=":{"valueMac":{"type":"Buffer","data":"qXyznl0vMR7ZWWyMc1KmBk/mLgy3jjwddCr8TQwNU50="}},"GrnaKRNzqM4HQu6T9x9VD+xE55hZNN24LwnxXVPSKS8=":{"valueMac":{"type":"Buffer","data":"gQKPo4zNE0Bj06Ep5ylwaIkCDTwnaB4W/fQlvb2oGFI="}},"Gtyn1txPYeDd+xE1bVwxLmf0lEetz/SKcvvZAha1fOg=":{"valueMac":{"type":"Buffer","data":"ydGH2gJUbvjsESn3p+6MBNhBhT7fAczFxYPFwh7xjyk="}},"Gvj8wR+63bw6vZXFev5AuOuBR8NWMvpxOBh5IS0gXhU=":{"valueMac":{"type":"Buffer","data":"Fo3vgR70HFTt5mYGtBJYbD0JbKQ+Yl5dLOzZnHHazWA="}},"HuJWsuavZxSY+jiq1ZlxJLk7ZGRz2fGFjWVZH4YM13I=":{"valueMac":{"type":"Buffer","data":"IKtkushoyAP5oqXJ9Ph7Vvb51Ac56PJtbkeLDPKNE/o="}},"H9zt3yDGwpuR/qY0SKTYftJ7HuirkYw/EEadChMbpiw=":{"valueMac":{"type":"Buffer","data":"XZIYa4oTM6CjUsu2aLEG3bYcLWXwWPORC/eKFcE98NM="}},"H+x/v8xPIuRPaj4TIPpijo4vZqxDylhqZIvACTh8kXs=":{"valueMac":{"type":"Buffer","data":"/pDvx3zkUDwD2Qk76Bw6ypMb8duF+n8cVijFze7MLIU="}},"IHFIec9ZjMx8wiCEtmEb7mv39eieyJEMlBYuRz2y/NU=":{"valueMac":{"type":"Buffer","data":"TqGIP3OUdCb6+b7Gd+2XRVTNbEj9y/ywJ2PMyV2okA4="}},"INHm6rV2PwSdo51NH/yPok95nWQeYfWKS8Fwdvkld/A=":{"valueMac":{"type":"Buffer","data":"DgyRlwq4gtAMfaOmO9Ddo14un7U//vSg8qzDN54HWcU="}},"I9ldrtUvXJUUGufIQ/GGQSNdw1MViBUGxPKmqcBVaew=":{"valueMac":{"type":"Buffer","data":"vvdbGlLVm6ORZ42jutsUCE0KQwsKIx+EfS/QAo9LNxY="}},"JDdlRKRxRWUWYsTLhvM/qeRynJtW9hIy+n8oxezzj0U=":{"valueMac":{"type":"Buffer","data":"52zvLJA5KkF9UJ/UsNuizevfaku3nJKWke+cTtcKhoQ="}},"JI0WuC15hkIjiV+gd87ZxDglCI1ljNPEoh+w+3fP7/E=":{"valueMac":{"type":"Buffer","data":"PEUjM+32ubEVAYqH5Rhjdfio8t1mRc+5pV84kZO7FIM="}},"JftBE6iujFYpm7zn6DwWwmnWVzWSXqPZP6u16Kh3f+M=":{"valueMac":{"type":"Buffer","data":"SoR3L8mNsuF/FsJKRctB+0jZp3N3khcBwQTUY2i4b2o="}},"JvWrNUr7XajpMgfEzu2KEka/oPFwargAHlY4DbiGqYQ=":{"valueMac":{"type":"Buffer","data":"G5jqboTTPNJgynVE+9aiphei9X4Z7JmSkE74yg+6gKc="}},"J3JyomoB6axlXMmRRk9DGfXAzwsDqMV8a/QtJay1WH4=":{"valueMac":{"type":"Buffer","data":"2TW733Mvs1Phl+08OhBG7hh3aaOQ08IpUc6JrICxIKg="}},"KAW5cNyBzQlr2alE9nC1s38XdpzG+6+4tRYkYJuLi18=":{"valueMac":{"type":"Buffer","data":"XKs3kQ9/t1N7E+jMtaAyUcnyzy2W82YmTok//U65LSk="}},"KHmxVIsOjL+K05eX8xGzZTyw258IwnTiSgLSfYmzAic=":{"valueMac":{"type":"Buffer","data":"tIcLYv48wkhONgevLtKS3K9XSsopPm3n2EFvpeQN23E="}},"LykmJtBaVIX2zA+B3PKvuUKRBM9rhaetpWZYX0kxFS0=":{"valueMac":{"type":"Buffer","data":"zHAdp8XcN4jDYpy73UM7Mhk3jMiQlty6uz/9CfQAYyY="}},"L8mgDlol1WhDyJ1rc6I7D6Pd6m7HC3uE+Op7MgzpAfs=":{"valueMac":{"type":"Buffer","data":"WSkmcrRmDY6W8PZ3XK0cyMRf4cGJt5dZHmDUM+lH6kg="}},"MNb4AkSimJXoA97JvFanF6bxv8bFGO2sHnlH0Ts+TC0=":{"valueMac":{"type":"Buffer","data":"PQZZi9kZIePhp2WYm8/4PuuXxMv7WKfkD7ELwsIFDtc="}},"NsWLDv9F8zI+RYqef7V0gVPeKzgDluq6FUG8S49n0JM=":{"valueMac":{"type":"Buffer","data":"mJaNsF39Ix7bd1WwFdQyvHf9doZ2Jr1rI7stN9YEtaU="}},"NsWmQPfAjDTfGbySgmcayrUv0yrqTatE1wokBlJIS5M=":{"valueMac":{"type":"Buffer","data":"5QeAztc7BuInjGsrFyB8XEDuAHK9f/Ho4YP8UrP4Ypw="}},"Nvfl7MJeGFsyJeh4jBV8LYYJz01l7l321mNBbdjv4cI=":{"valueMac":{"type":"Buffer","data":"8z1J+Q0nQS3riexTWsuyd5RKGuWbjLYz1B/IxeFzg84="}},"Nw1WF8xgcqZq1Aq51l8v5JjVDAS+VNyUiUgbEfXsctg=":{"valueMac":{"type":"Buffer","data":"HH4agcRSS4nfN2h9eCz8BwwbEgg/AasYCBgY0Yg978I="}},"Nyb1qLcT7Fjzqal0rT8jZTEiwRabjrvxiSIF177dxIE=":{"valueMac":{"type":"Buffer","data":"v3SqKG/Yi7TuaYijCh8B5S+CKEz/qVMnbb78xRV+Duc="}},"OL6/9tBhkbht1STRRaZmwovu9ouMOTk8Q9aXVuRaRwc=":{"valueMac":{"type":"Buffer","data":"8XdRyKrEvcB7nFylmm+/cYJBqXujRygqLSlY66f0gy8="}},"OYF77ZqNk7ayHpebpXPgyhy6kaBAYGc6NQgBoAvpXOQ=":{"valueMac":{"type":"Buffer","data":"rDOKoHpo+iZU8iVJnM7wtsdH2A7cqmz4k2L1kN1qB34="}},"OmI4d/m1dbtqj7QF8vNzXDButdVEzobCIpe+qfoaRxM=":{"valueMac":{"type":"Buffer","data":"8jIQnsWSN74/74o0NyGADGcjOSTgznZIEwPFqNtNAkE="}},"PHe34YVY2XdfOSp0Ab1nQWvLR0W2a70dR9xk1TO1cJE=":{"valueMac":{"type":"Buffer","data":"YZnCeXTjqQrYdXPZpS2AqchUqKcVMylUrYjLwFD6qms="}},"PnL8L+dTw5tB1cJfMJ3DgDnh2XpYMK8YX4oikHfyXCQ=":{"valueMac":{"type":"Buffer","data":"/nXd/ZNDYHhkjWfIin2U2zp8aidzi180Nk2/+tdpWGc="}},"QAuazoheqwhC8Wl8ClyanuLP4heqGIwgXiScJJFMi24=":{"valueMac":{"type":"Buffer","data":"7L5yak9G2sWqtsttU1JovyeT8PIN59OAauRucCwXmcQ="}},"QMTDsYEhpvUTjoyMxjdKGKoFngdeDl9VR6yIUyPZgpU=":{"valueMac":{"type":"Buffer","data":"p6Ldw1njjuX47r2An9fVdcTk5wM/etA1mKtxj5ORrck="}},"QW92WwnjfSOP/OpeE3fETw8dnCbbqAXEAWmEwsC6UqE=":{"valueMac":{"type":"Buffer","data":"2cDpiLftgly0bptkMjvGiF8D7pU99LlFLVz84ASxk7I="}},"QsU0pMOfYJUcyfkesJunmBoJAJxcYvx53NndWV4MsIE=":{"valueMac":{"type":"Buffer","data":"0MfGyNtC1qrc+jaWM9NKOvLFyk2js0+xen9jXtkWK/k="}},"Q6TOtvWLzwAaQSbWQ+iAN+gJGNKLa8RpnsJAoCwqReg=":{"valueMac":{"type":"Buffer","data":"G1DB9t/cdxbCw+4eJxBglJp0ld7+m7SBz6NDnjefR38="}},"RAEzloGFaJIErINnRODsXVXaBy3VAxO90CxdyQkIAs0=":{"valueMac":{"type":"Buffer","data":"BzNfUA5WSpFO/WWlScv669r9pkuf5SILe6xKdWYMhp8="}},"RhvjTkTTmxM2ZWW3MRC+q8ZIszyV0Aa4hKytHKXn4k0=":{"valueMac":{"type":"Buffer","data":"P9Y0WuqjGUiUPrY0rxccnC+ITN2hy31rQ0J80HZQm7o="}},"RsPmg8ACVmvCdHjJGhGXbv5PbaS4R9REwEAnhBhJGls=":{"valueMac":{"type":"Buffer","data":"fOGiQdDhPkV3NJE2pGihp0PV0OaGpWHZ+qf6v1JNVA0="}},"R7xw+EeMg1u6Ai6wh8fd5hVRbk7jNx29Go//D7kbDiM=":{"valueMac":{"type":"Buffer","data":"DKTktWnU4kQ4R7ttuOErOUQguMKWM0QeXCtNBySEUoI="}},"SGjHaC16Eqh5o7Ef2wKVsS42IJDjMwmkl6WLOlrwjXs=":{"valueMac":{"type":"Buffer","data":"YtMcrEoayr06SoM8r7TJ7s2naCGkgd7pxFIkfWPXjVM="}},"S1ZcjsQ9PHI1kSF2fAtxPwkwQm0BeEQ8g80KrZh/myk=":{"valueMac":{"type":"Buffer","data":"xjnXrucSZLmwGn4bYqciXQYZno3a8hc/mOGomYtxbNo="}},"S6M5pvtJ1TVnqteRWRmC6yrI8fu+hi1ayOprs5bevHE=":{"valueMac":{"type":"Buffer","data":"bULLzctiefJZfQgM7zBAHj9htjfsztla4MQPVxpyNnM="}},"TDywEQncKcx5Wv/eOvwlnpro3mJxi68MxMsPfCNApR8=":{"valueMac":{"type":"Buffer","data":"j4RIJb87yWvTNkZSbcng449fEhsArTKZAlavHOcHlbc="}},"TFb+ND5DlD2ZMJIDlCO7HtniNo8X7eHoUPjSpm4IMwk=":{"valueMac":{"type":"Buffer","data":"JJi6k+ZtTYGlBUHIIUyp3Epfr8zO2iom//P1mhThb8s="}},"TNA5urpdjFS4CYPuY+nuwhremZWkQ68v/xT7XqqF8yk=":{"valueMac":{"type":"Buffer","data":"LptsVkxw3v6ylycdO+kZPIFUA6glqKTjNpEyZS/YZ1o="}},"TUQmwvuq2Uq7uVc8A6eDnNEjqibKcL1vKHeXLEQrAzg=":{"valueMac":{"type":"Buffer","data":"6prgHDNvqnNy1HvzqMlsYiEJdyZiIqFUiSh98/1fllQ="}},"TXRFNkK38cuaIbFJ2YejSBGDk8bjdbc3UN26ye+71z8=":{"valueMac":{"type":"Buffer","data":"iiSWw5x973FgWuhxA4Ph/aiDTeM17gn7xSBOnx06Rjw="}},"Tifp0VfaroPcIxz1x1ybRg8VDzFCZzA8P2r8q8bREI0=":{"valueMac":{"type":"Buffer","data":"hSDBnmjXf7NI2Cf3mrFWpMHNSLqG0WcfSTgTSy67GII="}},"T9SD168ehLdurhMHVbwNb4GI1YZ1uZVxSFKawkvz9ic=":{"valueMac":{"type":"Buffer","data":"cIelHTbyKPYoaS64r91pdzC735DZbezhjUfinOh2DwE="}},"UQ8+di1F6H7rVnYt3JdWfVOoHuLPe621mdynh2miyFQ=":{"valueMac":{"type":"Buffer","data":"KgKWrQjg2UZ4ovEA/q6nm4TqaWVphOjcV1MvdAodQM4="}},"U3HtUJ7AVlo3MsoHFN9A7PLqHQR0CNhm42MLFZyEjV4=":{"valueMac":{"type":"Buffer","data":"/uu0DtsAr1PjIUA4ECYsQCR/ozq/73Kq7jc7BG+XD8k="}},"U+O0DIG/ooYoI6gWTPwr99wmsFRfqaErwOGyw4om6DI=":{"valueMac":{"type":"Buffer","data":"EFxuv+fvSt1QU+aN9YGm8e2BpT5kP+ZFO+B8W+VxjaQ="}},"VA5uzMa4G9dObWbHm9H+oVrctapcH/dIrWi3lnmfEQM=":{"valueMac":{"type":"Buffer","data":"RN6n4+KER9sNNM4unXiOuXXJIP89sX5tku0E01L6qIY="}},"VENLuy4JJRFfZu5I/05ztcy92AW+WYPSkGgIVkIe8bA=":{"valueMac":{"type":"Buffer","data":"/qgwrHS15YiY2ncC9/eOFOdbjsg4XBgkIaq54gMMUKU="}},"VVIWXUXCmem0PKJE1WFhTS3by1Hl927XCAPKNxuy0BY=":{"valueMac":{"type":"Buffer","data":"FjP1jjRA6WsLuZ2hcZjH8HrQTjr3aZC/08PoXRALEHQ="}},"VknjW4Z80NWq8Hm7nLNyQk0mahGrMw/q7tFDK6Voros=":{"valueMac":{"type":"Buffer","data":"FkO5tPgq66EMUUEVQZDpSmVLBmh47oBrMhAjm7lZ9R0="}},"Vkn/fu3RSb3OJkHnP98VmFD9rsUNuxJTOXuTyBHeEh8=":{"valueMac":{"type":"Buffer","data":"7tmWIgbMO1nSRa/xsxqL7JDvwHafM8LmF0li0MWkbyM="}},"V5pRjX0zaWfndmDKBhKbp5K2K7QENlFie/MgqYc/g8w=":{"valueMac":{"type":"Buffer","data":"mYSGHnlCASYLPWX5iHK9COMIVlU0mhWA0GP4MeCdYK4="}},"WVqsbil/nSLsFUubZVWho7dvm5wfJ/2jrT4sVlEYVyw=":{"valueMac":{"type":"Buffer","data":"qujfEJU5/7OFo5OlsSOdYoM4M0h1ok/dbgesKsoOsA4="}},"WYZlL7Npt+hbWhBZuotd5gUJ/OBl3ibCZE7su1t/VN0=":{"valueMac":{"type":"Buffer","data":"cZLEtN7gvdZjVkn8CjWCi4QTBnYsoCNcjH3NeEUL2kU="}},"WbgQwYXtk9NV9e2r+VEYvJJGw5SA096j3ZlZy+rQw74=":{"valueMac":{"type":"Buffer","data":"1ELwOtDqiwcckxttUAXS0GkEruU2GqS+g4d51kTHf9k="}},"WyMoD2XC99xWOEcFbeNNX68YYLgLy4DsYiqsgAYE8PU=":{"valueMac":{"type":"Buffer","data":"B/LogvLeaE/TYUDoLHr8dxiDbx418CFfieLC6+4gv10="}},"XQo4YwmVI1c3lVFSLBXGZOiI5i1tKxfEmFaYclP/P3E=":{"valueMac":{"type":"Buffer","data":"ZvTxcpTyMppZPF8gTavKf3NEWR7SQhUn23TsA4lc5OA="}},"XVtIsbBSHwKTzV4WbQvW2muQloLpJPU7WONE+YwTCSA=":{"valueMac":{"type":"Buffer","data":"ipAJ/VRYtPkNpc7MWIznVneSpgL/w9LnTsdLNdWQsQU="}},"Xa3c63VuAMzsiGQpZxpMCK4qzsUK2oiAs7PfMmMlBmk=":{"valueMac":{"type":"Buffer","data":"jJmzBuD7z8p8g3gMxsqIGVy2qIcliL3dkk+HIjAkgHc="}},"YJFlirCg2vPTeNT000XUB1twdvAMAmnQuVKO9++2Sec=":{"valueMac":{"type":"Buffer","data":"Ayc/SuQoMwa6x7Q48NNHFFpDsZprcpWcq/1v32SUDSs="}},"YSjtxb94gVEPkCte4PqkXWW3jdbUTk/BzSpTCdnInPc=":{"valueMac":{"type":"Buffer","data":"mloe+juhBuQc9bxJgUSkeju5iAgFE+CT5nicZMrPRdE="}},"YuzWT4xBDghj9RtHd9AqYVixKxYdF1K7oO7FSvgX21U=":{"valueMac":{"type":"Buffer","data":"xhKukwaOO8zEhSwq0LGYRSg0hhfr23srv/V9am1nRqU="}},"ZMKUOpvfwr6yhxkTAYTQEsggeiX2MJjml6arn6sNUTA=":{"valueMac":{"type":"Buffer","data":"vdCBfFzY1HGkVLVSpw+YNOEXwMXYfpLYIGD2YgysHqk="}},"ZzGCzE7mOocP7MkWHO9RRvcR11D++T8YzpiRykaOxMo=":{"valueMac":{"type":"Buffer","data":"Yaki4fhENeYWapUrmEs6T3Br1V6KxLixxVSmP14UMOE="}},"acjV5Tf4B+sZqMFmu/NpItaPZyKIaIfvyd0zX5nfzbw=":{"valueMac":{"type":"Buffer","data":"RMZjTL9L6vdWjypwiVsmYu3pqTxMWBSsr70oWmcelLw="}},"axR4uCiPpdVo2qyQRN4neM3SfqN0J1f2tHuYgr0jTcI=":{"valueMac":{"type":"Buffer","data":"HhvGHUg1xQwU88gUGRCmfO3cmk/Pt/WyLCx4HSq/uDw="}},"a/xWDxSRmGCFc/wmUAMc74hs3l3U+HQGETq8jJkgDh8=":{"valueMac":{"type":"Buffer","data":"VxXSKLOwlX7sKemSAcSc0RjSock5wFDVkq6N9zI0lFA="}},"bEWvURacILckQL17446aM/11ZK8r+SP4Mv7DPYvz46g=":{"valueMac":{"type":"Buffer","data":"3xUM7beZeF9++HBJJ+E3XSZjcEZjfsNEzziPSVN0MA8="}},"bFyKKq6yed/BXUt1FxspbMtInMUMANE47I89+R6R0Ms=":{"valueMac":{"type":"Buffer","data":"3KLhI/lg8QWPzuQS2ad0e+cG4kM2Tl/2GZUfxoRCdw0="}},"bNPkfwy1NCbhMIGcGTkxKFSBapUWjv7kj6HhJSDTzA4=":{"valueMac":{"type":"Buffer","data":"gv9LFZwBt+XKZ7VUSLDcUrzN8lnLgoO7TgbAqZXOAiY="}},"bR3RRNtVw1PCYxfjy3aknqVQ1nnKkpxLTg412Euby+Q=":{"valueMac":{"type":"Buffer","data":"A/Sj0FLe9hXw/4SYfk/THEXmVoR13F8XUNbBuLc3tUE="}},"bwwtgYJrSuTTNVzqGqtC8616jz2itNOz1Xf5Lo/6hbs=":{"valueMac":{"type":"Buffer","data":"wE34Vu77mS/eugd8lxmxjFYki5mhY2DLxRM0uVU6R1Q="}},"b5aBvIp4nbME1pGWsAET6zYDUyrZ8RtB1C9kMT38PwA=":{"valueMac":{"type":"Buffer","data":"8LdhNonVu/og/Smzmg9/kmujtg8J2BJFqggatoFacbo="}},"b/wB8pqsn0RsAO+wED6GGurxqRKi0I0poYKW/oVcYmQ=":{"valueMac":{"type":"Buffer","data":"HXtmQM9pS9/60cx6nVB7yEisZfMW1NFl7lVL7ih0Yrs="}},"cJUJBidzbzCqn7mcqLPjG+oUHSNryEnVDfBQJ29hutY=":{"valueMac":{"type":"Buffer","data":"NoJHbuzHZPzGrSi/Fx0HwG4zGvSVeQNLmk2Pd8Q0x6s="}},"cOXPu1zM5HVgLRIV8Bi72UoxLH2/yAYkSm9gdqC6zeM=":{"valueMac":{"type":"Buffer","data":"RTVVYcRJQAp4l/iL4+GlFX6Eve7g0GJtW/lK34thW7w="}},"cTLge0Bb8i3v9RkE3DdHTMoZ92Z2pSfSLNL344AjeE0=":{"valueMac":{"type":"Buffer","data":"pZdrSx8bH1ES6WWe0I0CdeQyCVA4HxIkn5bo2oMIpmY="}},"cecNr+mXTbsUlIlf+YixSaWrXuKeSpzH5ftWseVkAtI=":{"valueMac":{"type":"Buffer","data":"FFs8LE5N8N/wSFtCDObaTVmS18UHYTMXADspe/Lg+9Q="}},"ch38nVk1U9/FYn+XuTwDzxn816I3KXTJPPBiBOetQ0s=":{"valueMac":{"type":"Buffer","data":"sLfy2qX6gvTb0EOFmXldmRRsiiwPmG1Vb2x2GNyXbY4="}},"dBBpHkqdA91HkKXFr6bEwuGqwE9TZ6vM9wgt9nWJVG0=":{"valueMac":{"type":"Buffer","data":"Sx5Lr0yWjuDB2BEw7LhPuxGmamK/QZoqyFAEa3ExGOs="}},"dWMhjEQPyzh3HhHkZJ3ZDBa+r414ohXBgb3PMfCBlMo=":{"valueMac":{"type":"Buffer","data":"ZYf5XCVaWo/QGsiN63g9pNA2jSwo3Bn36eGoi25+D94="}},"d58C1HFyV/OvE2EK37VWHewBkSV4k9ZWbXO1a3kgXgg=":{"valueMac":{"type":"Buffer","data":"evpWOliPRhfDxL7q82oT12HNARYuV67Mo8RL5UXC8/E="}},"d9ujwb25Urv+sHR/nFo501QuuDSqM1umfM5wCkbQFhY=":{"valueMac":{"type":"Buffer","data":"ZtEANPPPgBOWKC24nQ87zt4DaMYDCjXuhlgxKtNTfko="}},"d/ykiRLpeldQH0h1Q3Csb8cl8yZKqfN7xtAWXxv4puo=":{"valueMac":{"type":"Buffer","data":"R2ELQGhn8fYMvPctpwCKFl+r4HUMfP4BJfO1mslzqkw="}},"eBgGLLcpWRPYrwMWbpvqkhX0nkkgWdvFwxkEr1nUIxg=":{"valueMac":{"type":"Buffer","data":"XZ9+B7LtRBUQF90g/b8asYN+WjfhAsh93dtct3bFRaI="}},"eBo3jpnEsGROUXN+4xf7eOu9EGBwczxB/OWg4E/sSSU=":{"valueMac":{"type":"Buffer","data":"f/mwx9/qzhk2dx6RMFp7xoAgZstM3v7J3hSmiISHSDc="}},"eDgo2Eaz7NtVZXab7zOVTKbK+NRGSU5ydz8u0zl2K7c=":{"valueMac":{"type":"Buffer","data":"AemUXKyfIefySrNgW10Pry568js858jPy5hqJULlQUM="}},"eNWJMBbRY1YcCiTdcfZ1E/nmMuG2owzBpcXmVhcie1U=":{"valueMac":{"type":"Buffer","data":"uo5NDk9d80THys9fnwnqQ8b8MNgNnGssrCRL8PHakUo="}},"eY2Alkiia41lQ18/3RWwPhKvPZy7svpTutsA/rMwvoc=":{"valueMac":{"type":"Buffer","data":"intfMX0glstjk0+P9gQVvvKNYJVxrGPLSO4wb/7VYI4="}},"ek9KwHZBDvgHjSGgnH1PxoPNsD7iZxyonCHQrqpJsmI=":{"valueMac":{"type":"Buffer","data":"P5Wls8aev8OUYcYkcdn+lkrM31L3Ft/gYxbblTGmbMU="}},"er4e2sKxuj1RojZ9KT/KcMQ5qlEbrX+AsCkmf8NxPQg=":{"valueMac":{"type":"Buffer","data":"6BJLEDYd92/E9XfW7MrOdbhY98nQXCJ37EoJhi8vJyc="}},"eyCRtz9zyNrwHF0iYEorjDs9d/cDsedfxSd0ieISey4=":{"valueMac":{"type":"Buffer","data":"hUWVzUxpLqroFVAlV0xMPmgVzLoa0jpFHhGztaPsxrI="}},"e3NPnSmfyLO+g5489DRnzlygd7U6bHOrbX6x78aCBmw=":{"valueMac":{"type":"Buffer","data":"6A3XuMm0T71UpfacaJqfjHikPV/45OpGPEN8S8VxNgI="}},"e6k3g2IbhBNngEUC3JL3QF8YlzndVib5FPF0UFNG0vU=":{"valueMac":{"type":"Buffer","data":"RlRQ0sW1TkdLL2mH5eE/7Q4/Y3Kl4Lw/HImjc+oMNiI="}},"fGakNeRXKpEgvBG0xamPH7BjEwiyridqdJXEY2w1Gi4=":{"valueMac":{"type":"Buffer","data":"W5fUWukIFAUOBWtUVYZ+qG8t5Jjlg1opl7QO4uf0Ehg="}},"fpzGMAN0s57m0g1jVC/USI96nMMV36c5fFDiWws+dvA=":{"valueMac":{"type":"Buffer","data":"rV7gVjIUzwL191IXAAtTRk1LpoGBg6MCq4so9w/r3gM="}},"fyguG0GWINGOmYruo0dwAWTEy0CJtzc5tHMCnS3aoTI=":{"valueMac":{"type":"Buffer","data":"dPUQdJx/jirsr3Kqoj6xZYD6UdIxT5vVNvN2y44K0q8="}},"f/yN8GO7Nsl2OWF/aekGPSEw15rLo9eu3zUihk3/VmI=":{"valueMac":{"type":"Buffer","data":"72LZXgqFTWy8fqze1f+xNszf6Pj9+4lXAvAVZmYWKtk="}},"gSO8d9bscidoaSILNzrnnGutMce/vwNVuRUSu1v9Aqc=":{"valueMac":{"type":"Buffer","data":"85e//LjM3cuJ32g3Pe3fBe+uqplARAn2d4qV8dlXkHw="}},"g9cLddhYdjpf8hD1rRgz7xP77BaGjodqoaSs7l+++G0=":{"valueMac":{"type":"Buffer","data":"bYbU0tfuuI+fq2e5439C27oatk5l1vpdpvrIX5v7XPk="}},"hK7+y/HgQTh+BwW91tSw7UZ+zrBoNLFetlR2BpGjb6E=":{"valueMac":{"type":"Buffer","data":"jouMP6gdZa7M+0BTAcCQE+22eV/Fqi+rybpFN4tf3pA="}},"hYmKRyOqXuQtC2Sf2IOUEIfzEYMRKWf7/pLuWm2CMCM=":{"valueMac":{"type":"Buffer","data":"ZkJcWBTYffatgxXW/VSZB9QpgLWlKBdLW3YXchKtRYc="}},"hgXntufX72xWPIBG2H91iOYN9fcebq0Zix8UuU/r4lY=":{"valueMac":{"type":"Buffer","data":"TAs7AbnRXmlSSSozY67YrDLuFrHAL4aHNz8TZQzbyWA="}},"hpLYjbLF8TxbgxHeKCRWQdDpJn0+pWCIizF289eXKZw=":{"valueMac":{"type":"Buffer","data":"gwS2WksoQhOv3FAiY/hgQDPXL7gfvH4shdOAWB2YRwA="}},"hwQP4EwuIvkpuLwE2spvBP9Tjgt1aT9OYTw1gN+3f8w=":{"valueMac":{"type":"Buffer","data":"PBMTojTroc3q1Uw5Lw7VRZIMxLJCveSJOmxfAvU5GJI="}},"h/3+91Yh4tBpTelu8JJI7lwKK81gVmfNTu05GRnuRRY=":{"valueMac":{"type":"Buffer","data":"QQslJPTHX6y1TktXAnuiz/zthtmZOTxAGKjUfbbNPJQ="}},"iOirb2dZN/+npTRLx9ouAYXWSEIs2fdWBkIHcc0PChU=":{"valueMac":{"type":"Buffer","data":"ZOYy/r8M47yy/XAkm6cvv/4JO9+3De41mVkWxj6Tra8="}},"iS2NcUnG2IPm/ion+CI6TWcCl1YiDwSOU8KkykqZVzY=":{"valueMac":{"type":"Buffer","data":"bRnnhbP5lNo0OfjBzY1EAh8UrAaeXTp4BbtTxWXvfco="}},"iplRrVIX46gLEO2eGXqH+FyaLg58w8R4FzKGv3Dug2Q=":{"valueMac":{"type":"Buffer","data":"3eVkO3YrE+yQPfsOCbg8du0UoCGXNpCK7IdkGUpglSs="}},"itKNbH3hq7jRZbzMLKqRiZvnvLzAh3Ajje6ezjLEkwo=":{"valueMac":{"type":"Buffer","data":"VT/GG0q6UCGNoQhLhGs22ynZbxOpBL1X6CD4zzNd2Vg="}},"i9hTxKzu2sJi54UjQeOgs59lrN8bc14EySfs3kBlSfc=":{"valueMac":{"type":"Buffer","data":"Er+qSw0tGp8KLlLwsnKe/yn66BQ/KlYcr380RdvVOVE="}},"i9629+Q+tyzjE1TGnyOS02vljEL5954DTP+onMWIxhc=":{"valueMac":{"type":"Buffer","data":"SxgUJs081TSQpa5Rfyozy3eFfqBegjquleTSXkZekFI="}},"ji0778LxzaNCTmKRl6fZV8JNrTR9ah3bbSaM07TGZl4=":{"valueMac":{"type":"Buffer","data":"Jw/jiAhGLEicRKP29hQ7NdPYLpIu07aysFCI/Q2UOOU="}},"jmBfymMYmPf0eaYPdBB5EXAor2Sa126B+7qIjt4+tp4=":{"valueMac":{"type":"Buffer","data":"GMVoyzY5lZg1YynoGnDrn+g9N7wHBvDGqw2TovvyPWw="}},"j+7EkyyKtMQLfPXZeSxSy5KPXneu6KjXSdDDhnUCXaU=":{"valueMac":{"type":"Buffer","data":"j89w2yeLJtRA2xgoE+KXjISxmoJkk7MzP1dt5GZnAg8="}},"k5ALjyJMON744opOLg7Huup9CmOT+PAMwEu9cLHPqOk=":{"valueMac":{"type":"Buffer","data":"79PSxAKNvvKzkx6TmpciG6799V4/ZPKmpYV/OyF8uII="}},"k8+jFQOMAdKWOYdcBDuNNbgnN4LXSlplZe+3zVI5Hgk=":{"valueMac":{"type":"Buffer","data":"RXDa7I7zCj9EyJfEzYX/71tzeRzrQmQZrUVrigRV74o="}},"lZjU0Y1ibV8WuvcdTe9+RkQKHmsKqUXDOsV/rJJwjFk=":{"valueMac":{"type":"Buffer","data":"M2dbKqmX2Bay0xeNg8qIFADmzfUEWAKuI5Hr0wTxU1k="}},"laXZGHEOfnblrIRAqkH/88jk4Gk9d7Z/iWA+vvC+EVk=":{"valueMac":{"type":"Buffer","data":"lMdV7MiELxMnjOT1xhKYp6oqRCtg9XYHE9OvVDgBy+Y="}},"liFdRkEfpOlOLy1B33OK+X2V3KMjXhbcw8NqdlapAX0=":{"valueMac":{"type":"Buffer","data":"J4p18GzBzqA1/GtM7CaTsFAUAGBcsbaRZaN2v/iYv8I="}},"lrInI3KDQYIQZZ30i2GzAviU3HT6VosFlfIpv2v+BLM=":{"valueMac":{"type":"Buffer","data":"w032aacbpZwvAnDvuDFi9d50Q0clJSsx9pZDqjFV6+k="}},"l3V3A/4sle6IESR0Ke6CLuHHwUAp2wxz1i25m7OwNa8=":{"valueMac":{"type":"Buffer","data":"j+kSY8zE9kzWXQJfV60e1sa4NLKfeUk1RrzIQlHQR40="}},"l4u/ENLUHQLc2Nv5lWY9xVoefyptLH8zepFyFWTEgIo=":{"valueMac":{"type":"Buffer","data":"C3pX55FVsb6K2f/pqu+BsmO3pZCHCaKSIoxUjFYm1pY="}},"l+5I9tlupXYB9MbYBfai0lcW7q6WH51NgSwQNl8X1xg=":{"valueMac":{"type":"Buffer","data":"HXmZMsWMsBTRONMnFsmN0AFuI4MG8FLCYt7FxdvVVEg="}},"mGdFCFD5QQZhQimv1MJ5hfIgrHu2nbPWWuNlNV11PJE=":{"valueMac":{"type":"Buffer","data":"/Zk9rX5V5jpmWyQl5l66xZ1Ld6JakjKjYIL5bfuTfKg="}},"mIyqLmycm29A37ijJHkBS45703wAL+ah6q+nWlCyLlY=":{"valueMac":{"type":"Buffer","data":"TGmwlt9Msm04DwvNar5j9H2OMnViUiUR+uybjvDKfU4="}},"mUtpHzyL/6h3B0wP6jvr63l0Ym63HfRKahl6qcunc+k=":{"valueMac":{"type":"Buffer","data":"Jsm89uR2mc+YpFTV1AZsEhXfGME9k/A+Tc7/ApSzzJo="}},"moqIkhtcR1h3D5yQakHUIJxP4EHruq5gMxVSYiTXMLg=":{"valueMac":{"type":"Buffer","data":"3G9yYxoGmhYdntWj2vTF8aRoUkG/W6EQJGxlKqMW8oY="}},"mvQdJpDQOhcN4M0nr+cRw8k038Ym3BOdDyPQM4Zu7hM=":{"valueMac":{"type":"Buffer","data":"v7TH9iFgKJxZEtHIdyBidCw/VJGjkGSXv3dIyfE9oS0="}},"n0ovqhytg0weTjltcsrL2n0TCN/wFFFQiDKgTueJ0JI=":{"valueMac":{"type":"Buffer","data":"zc+mOLKN2BHbfRdUIwLHX2m1JqDcL4aSr9zQJdtz7W4="}},"ott3rLXcNLC31r/HrBB538obTRTQLIXUCnlw/+LQ8Nw=":{"valueMac":{"type":"Buffer","data":"IbJ2jqnWsFB7e+4BVYvPWkDPodM4GwGO7Bf45eAnY9M="}},"ouA3bQgzu/8zZiVceMDAkJpOEXImEtaRhY8JAJ+YRg0=":{"valueMac":{"type":"Buffer","data":"mDNxvOBwEU6fDQMwJrCEljpZuYdWzCgjnF5hW+IYBXo="}},"pYLc8kP6TU+gbOCySSvdG8cZtR8iqCCyFcv3eGuuDwQ=":{"valueMac":{"type":"Buffer","data":"Vsxjre0nhxBXBLKxwzDeyG2XWiWF+IKAw28ilgHO7v8="}},"pbroG82B/9ptEBiCBaSVR8nRFIc26suOR7Uu1H6JWoA=":{"valueMac":{"type":"Buffer","data":"TY9Jys1jKV1Bp6YZ8XItO1QwH6KvPX/gPo8KIGiNdKQ="}},"pv2C/7qz/1cA/WAKXRHC3rzzitSE+NiYdfd5fyBP7YI=":{"valueMac":{"type":"Buffer","data":"xPKgmviFTRjH+HcBVfchJ10T8sitR3kRbBONJJOWisM="}},"qKmcdB9a0tgQMJz0YlVRMjJK1qkBaoNQoNtxkIdT1IQ=":{"valueMac":{"type":"Buffer","data":"5+L/3c5lYegs5ONzJOen3f/YF1QJcyHspuEf0QTTnJ0="}},"qL5hglIBinvKCyn4GbNex6jG3R1cosHcDrCze6t94Jk=":{"valueMac":{"type":"Buffer","data":"mSZn5xGzAFMX1YYXBYlzpH/3kfeCbd4nilTo53NSj0w="}},"qPW8sCNDZVDxUWsr54oaknMUmspPVzLhZXHXf8YAtjE=":{"valueMac":{"type":"Buffer","data":"4SU6WvA4foML2MbOHw6BnrIESZVFv6icbKpmQENaG8g="}},"qYJsbmASW98TEQ4dFOV4rnyeyGvdKKxBKEu6+CiOVqM=":{"valueMac":{"type":"Buffer","data":"LtX5OpxwVGQZN1QhdA91DXasTK41wyReHsKhb25DIXI="}},"qgI28OrV4ouuwqIMN672ZWV+wZ6wOnJmnQxpk1Jc0X8=":{"valueMac":{"type":"Buffer","data":"G9YDvkkUKS26j0yczOtcb2tTRcLqzdICdKVWMoh1UUM="}},"qveYBK0oNTOKNITPsOBnth6A+FtGp0vAVLMpxzHl9lw=":{"valueMac":{"type":"Buffer","data":"O2nxJmv48jDEUQcp3fKvWVSvAashFw2tzeIQLmbv9pk="}},"q0X0Vg+KQrk6poeKb/GhOcKYWKjI3SuBL+Vi2nETXk4=":{"valueMac":{"type":"Buffer","data":"vRzkIZErYkPSKxylsaDMF/LsCKuhEcB9oJPTENPHUxQ="}},"rBMWk+5cVX1xiL8/cE9M4ypoKo6slGUCam6Zn3igk/4=":{"valueMac":{"type":"Buffer","data":"xS5bdFfFLz6Z2EOdRHci20taSuyDOJ5sqfqY8Y71RhM="}},"rk4YsEYT2UCm5SOxHC3ZY1RB0szrEre9QJIS/Bj9+Cg=":{"valueMac":{"type":"Buffer","data":"zVYGNUFO5LFQH4+FTyVSNoSxpFsuxhB5utiOrNRENEw="}},"rsBRowgEHwF+XEStnMI8cJanV0U6vza5joURi4y1p6w=":{"valueMac":{"type":"Buffer","data":"agHM5YaTxGAr9Bf26NQX4+wpyv7ZzKgQFtiQl2Rj3h8="}},"sAX2Wq42Xh3gjvRcJ2ZkOLWdLOAiVz8gfLzLDWXbZUQ=":{"valueMac":{"type":"Buffer","data":"4MqU3AzD3cch+RvzFn5w6tyoZBw4YjoDXJzJz+3oy1A="}},"sF+P6wyD9SqVjcB2rg9UbiAdTy/EsAS+IIX+oX3JSD8=":{"valueMac":{"type":"Buffer","data":"44GVUh4RnKtSnWmzKvQGwbt18D/zKiRvy4KlZAW26R8="}},"sMzsT/2iVmh1P2TOHhmoBxMaKb/qbujzswwVtJu7uTo=":{"valueMac":{"type":"Buffer","data":"ux6TvDI05Or/XKusZaTGcEtlyjH1gjQTXEUkqzHy0RU="}},"sOpDK9uq+zCxNT1Rj3if4/KuGsFRGhtAtrkgwodS4YM=":{"valueMac":{"type":"Buffer","data":"KTDYI1HMtlq55zdlr+Pba8NjZQhai6HLVQG7W9i4E14="}},"sd+bQ/pxEHqSm2BDEMYX3gecr/LBQcVSY5ddakUMNTA=":{"valueMac":{"type":"Buffer","data":"VAntjeeymiMk2MqN/OwT6kZLvaJn/ZchpqNkZR6Bbfc="}},"siHKcTsMBE+QqqsyHz5JS+Xif6WpQUsYp22kdeni7Gw=":{"valueMac":{"type":"Buffer","data":"a1Mjx9jazfGM5jO944DtIBtejs6N8RYqo/GRQhVRERE="}},"tGfbVMUlA3LX4xcZMlcuH3Pw0aaBsrph6o5nHT51q7A=":{"valueMac":{"type":"Buffer","data":"RokaPB0DA7UJIGhzxNARn8bARGOKiHd2r9wg/0RGYOM="}},"tQL/J/khIY98gj5Pkn4MXhjlmN9TDeYRIP4vFYVFf2I=":{"valueMac":{"type":"Buffer","data":"7gTvbxNh8aU7SYgtD5P20/xJQ28vteV/4dkKQatjVxg="}},"tXjLNlEFB2IG6MyDS+k3G8eM3mHIxKWPn6CJJuPWG3E=":{"valueMac":{"type":"Buffer","data":"ZBkk+wqg9baJj9buJ/WYF9bkuaI11OLrGrIbI6Wf1iU="}},"t6cf4WmOuoV208PU6aoc9gKWs58JM5XyO5buOT/ouEw=":{"valueMac":{"type":"Buffer","data":"VjyIj4otui5yIEViy+yMWEUxG2XaCUpGU2a92DTBEUg="}},"t6l6mSD/u1NTWlsj1y4pfzxIsLdxP+6NHiC+iq9r35U=":{"valueMac":{"type":"Buffer","data":"oeL3cozT71ULmEZ2zDbUVi1jsKvO1XaT4V5t9itcxWM="}},"ubLUiREpIlKXtBXthOBy+RR7HV7SxUh139489XYLKAc=":{"valueMac":{"type":"Buffer","data":"caW8hO3zNE3PqH4cIXDMjxwPwAiMNOF3Ng5QkAeY7zM="}},"ufSDp50fQwvGQDdrWhl0QzIXLxXvdYwoxwvM1DKTZ3w=":{"valueMac":{"type":"Buffer","data":"q2vugxDU2FCYsl+tkVSWE7ZDXGSf8qa7/pzsCDsAP4U="}},"uhTMqTTtSqxXdflzLiqCl0k6mLpff58bHGBSmXYww7g=":{"valueMac":{"type":"Buffer","data":"wBCk8GZht8b3YT8bMiOPoiY/pMj1O000Jxqk+jcHOEk="}},"u8tl0fN41cuAcNmdN2S0iKfH65FV1iFj5/TcDMA+bxU=":{"valueMac":{"type":"Buffer","data":"1gm9QcQAhxwRXCg2lI/eWr1EoeVn3HbcuJDfseu2gTc="}},"vVlvUt+xzkDURUbU6bzHIi6tqFAQkGTICdgPhb5JfUA=":{"valueMac":{"type":"Buffer","data":"SnfLNbZmYWIQNFFq9DEr5eO0v+JE3DMfTFaL6Hl69I4="}},"vnPvvOkDXzLg+aXJmvrrVLUMRBK5No3N7DETIfrz27Y=":{"valueMac":{"type":"Buffer","data":"pEQWb79AAGB+zPgVbc3bPeaLG4i7TDJsEiAauane4+0="}},"vv7rIAWNGzi9jXO7qmyV4JNhM/SrOPec07SRps/32GE=":{"valueMac":{"type":"Buffer","data":"+g6kKsj276CyYbDQWLfVjA+uI9rbuGaqSScOv6W5zPg="}},"v8IPIXlFEsAK0r/ipaAgu6Ne9Hbzfh029rfUyXzloWM=":{"valueMac":{"type":"Buffer","data":"Sbcp/Qgl8n6EbblkzDAMf3w3bw9UZ7MeYCTpDW+lRE0="}},"wRacRzS9owFWp3rh+Cqi/st/UJJGwUG/D+XG0asymug=":{"valueMac":{"type":"Buffer","data":"iM0voqr1JrcYMLo31hAbpo0TQ5QYYtzIUrdl48GfEHE="}},"wb7XnZsIWTLig8sGChYwjZpygpXtGkCG90whzPAzopY=":{"valueMac":{"type":"Buffer","data":"1N1/dU5EHUiWTiX7PICZhqJgJh8KpJTI0q9F1TChiSQ="}},"wjG2iohJzDFWxLTYZlMZqZ6aceO8tKCgJdS0YuUmyX4=":{"valueMac":{"type":"Buffer","data":"1VlliKyKhYVKijNz4ChIQSbdY3+NAXDouPa98CRTcqI="}},"w4qmFoBj7cZKhlBKx174kNBV6m7r4TIMfe+qBMPcD2Y=":{"valueMac":{"type":"Buffer","data":"Bw8e1039BSPxqPdK5r1N9FhvNGC2jiqMqlhUfA0+22Y="}},"xQi7/rJ5GCcuLT7JnQLcQuBmHEi0fGMzRQ3VAKWfUvQ=":{"valueMac":{"type":"Buffer","data":"hTw0bOAJUPWd9/yLD5u6vWUxexJpnh+KNtzVMba9GX0="}},"xnZhLNMdVo1G0V6oaVFyEsn0E7nMlGH8tM2nepH9RKM=":{"valueMac":{"type":"Buffer","data":"IeUuqnhVbvvox/dAf2MJB+4VPBy63IHXW098ib8sSPE="}},"yH7IJc18Cx6/8wbdm1A8+/e/ENCHtxHZqoFp+bW4qSk=":{"valueMac":{"type":"Buffer","data":"gKZj7A5zrzHQeMWr8Jl76/p+sOJBgZjvxRYwx30wqPc="}},"yljGBNfySbPdnVivt7R/gN8L6Beku45vaonvudgIAoI=":{"valueMac":{"type":"Buffer","data":"RU9GrCreUkuTLVIENeMUjaQRL/Q+lHZ5VkhH+puDI8k="}},"yzX5bFEB9PX15oOXaIKsSK4tHU/J5VBha77WKgKQJ+s=":{"valueMac":{"type":"Buffer","data":"lRe/aNc6dMAauZ4Hy5T+JnFEiYtCwy9dte694H8mCZ8="}},"zNYTEUI6KdzkYtOfeSZQfPvnc7pumEDTRqVJM8znDL4=":{"valueMac":{"type":"Buffer","data":"h8SpMC9U/bKVyLx+pLMUDB8ncruuIU510PWH8NN387k="}},"zgxEtg3wjOuCRhx7t71RnnriT9GMc1WpqLRrMNhp+6o=":{"valueMac":{"type":"Buffer","data":"+QZEL/G8oLBpCGIyBJQHB2NIwRHaZz4Zr+eTUTkWeDQ="}},"zhX4Fn28qrSOHA9/9gcvNhZvWU4TLnuX/JXQlPDPN5s=":{"valueMac":{"type":"Buffer","data":"uX9AlI3gPKSFaU1+uYDSVvrfG2jhTKBB5DWIoAN/cZg="}},"zpIJ9pwfKh3T9ANUqWXRD75CG87OdOb+yftNOHkP0Bw=":{"valueMac":{"type":"Buffer","data":"zFwvuZS2Ut6jkcQcgfFuhuAHVd54fbm23a75fvziWMM="}},"0PloDZNSs9g3aIEg8LaU3aGo9CLCfXoOJ8yy/vy+TA0=":{"valueMac":{"type":"Buffer","data":"9x31rLkQwR7jumI/lpitxtm2N2alVo4ysflIqHdxfhE="}},"0hhcAtb1JDsylTDhuP9bABLieJzMLaRq0XVMbvpz5eU=":{"valueMac":{"type":"Buffer","data":"eHLLZusGyNyR6WuPr997P2ujT1V+uCo3h316VhJ904I="}},"0iWWR3qiCIV1aOIK6K9os1+zO+5f+ohzdCcWNvisv+Q=":{"valueMac":{"type":"Buffer","data":"DKpYMbbh3trrzi2W9nqclTZ9yWuATbYkBqRgZynDnFE="}},"0lOnc1p2VgQywQxUynlZlOWhQLc45sJ4Bbc+ARCygfE=":{"valueMac":{"type":"Buffer","data":"tvvAUUFbq3fr021M/5Rze1N75piolr9mpGksbTISssU="}},"0pT26NSOfEBPOPzOb1PAKzlEwuO8zkp0GRujRUqJVGo=":{"valueMac":{"type":"Buffer","data":"Kybqz28ibAqv8PkqNzXtGRBaDf93Q9YKr4bgFf4k5ro="}},"045GDWe9UkNyxdJYbWlkOA1jfsGPKppXcnsLKJXXmh4=":{"valueMac":{"type":"Buffer","data":"Q/sx/U3GueTSSDm6hIVercL6U/lf/nlZPyZVIBekCzE="}},"1HsfJjILobXPwl8MLoENJ257zO1L4PmMpQaXaaFcqOs=":{"valueMac":{"type":"Buffer","data":"v/BXJ0qYD/cqpmQo7Nhn+AshdTMJ4IroHYFw5e0L8qM="}},"1dkQxeYNH9NOJYg6tLxrcRedinqCgc4MQarcK4gAMHI=":{"valueMac":{"type":"Buffer","data":"GZLzDzSjoLcPBIfrrtgc3UgFr1pnqYLG+5rZZMH7jsA="}},"2d3rd+Vk7KWcy0hyCH7K2x5+z9WnZH/IZOI2NNV8K50=":{"valueMac":{"type":"Buffer","data":"q77vQ6LtF6BBQlo4NaJHo4k5FXLK+kEN8hnHKzGBgiA="}},"2hPMk4CO1xn0WffUzjZrRTcx12yeuhh9Gi38FOmZc/E=":{"valueMac":{"type":"Buffer","data":"2s4E6nXSZ1nWYaCglYEVkWEc2341TqKzxItMCmkzQN4="}},"2twQ/wgFuDYvxWfhx2RV2TWDeNMuxRPCNLI7JHtI4EE=":{"valueMac":{"type":"Buffer","data":"rReXfvY8wHDUZHHpvCbXH07Tdn8XyYDsURxR/2zFRCI="}},"3S04Jb5DS0wWmbYQIrzYT/xW7G+3dHcKKDYoNpNfa2k=":{"valueMac":{"type":"Buffer","data":"MjRK1KDqLYZUVfFN/9exvPXznFYlrpfc3oQaoxeKps8="}},"3eIT0T0Eqk+yYreYiVZVzyajmJ/Qkt7Wp32fV2zfvV0=":{"valueMac":{"type":"Buffer","data":"yuw4890/TN3ajnbMvm4GTcPAlpuVXqxoHulWWYzWxBw="}},"4HgOmdNMPFptMCUokyBb+taXAx/0ucEzo36Y5Q3ni1E=":{"valueMac":{"type":"Buffer","data":"QCb4ovHv5Qk1MBZPUGcDHYK9N+jwGaWEh34dl6XjWbc="}},"4TfoYRmnPyQGVSdlZjcrXMKgoty06w98SCJuUN/pW/Y=":{"valueMac":{"type":"Buffer","data":"cXkkC1Js0CRoxZVBB9uV8eOJDjAIu1/cw5ieRUaHUUk="}},"4g51E9w/4XC9dl9XZsn/ZdbeIlQiEz6HyfEPDN969FE=":{"valueMac":{"type":"Buffer","data":"y91reyx8+/a7Ojr+fH4soqjAgIqnF8gz5nHJH8icYis="}},"4xiOcHrMiU8HDX1Rg5QBe8oR4Gw6VCWqEuCX1RNYqcs=":{"valueMac":{"type":"Buffer","data":"1dmxQst/XiW1DE7tBGZTeLnz+9HlRvikyvpK5iQap10="}},"5VOImLtjJTCh3ZsL+L2rZg7ueuZm6icr216vriMjjFo=":{"valueMac":{"type":"Buffer","data":"1zFttGoL9G60LvkX27eBQd1QX+UBAGH9ayDvg1BGLVg="}},"5bdYVyA2Yxg3a7xztUyEJGTPwxFlXCkjNXNGDY/Av4E=":{"valueMac":{"type":"Buffer","data":"aSdKGfh+GzLQP4ozwE5Fwsb+Nij4WPc/56/fHzywOXA="}},"5ioYoFd7rZMfEN5Q6tfXDt88aJg/asfD4uUNnOEwVwI=":{"valueMac":{"type":"Buffer","data":"9epY3WezdJhM7RGf/wHVCVAiX9iT1onvPrsbcima5jk="}},"54LXhZSQKtn7lKecvubU/d6imgGwyyENLYarkSEWh34=":{"valueMac":{"type":"Buffer","data":"T4BI44g7lFlLpYN9RyMLW6NAv15RK5eDNM4pa9YfEpA="}},"6SvzqhdFZ2f4+unyf/ve46khp5ubW04za76Z4rKlszs=":{"valueMac":{"type":"Buffer","data":"Abeq2DkAoesFqNXbaaIvY6aNLjzORSoX4luwS9lRdQc="}},"6lfTRLqRc5wK43ByEI/wA02wH0aJSQ2vSirMSvlBqzs=":{"valueMac":{"type":"Buffer","data":"Mnv+WQss2nMwlUDdqyxz3BFLHyf6k38i65bR9r1vmuA="}},"68KDGP+QbIT1gVvdATRdBTcRzXhpWguOXEbQ46Lfq5g=":{"valueMac":{"type":"Buffer","data":"xHTz0WQuJoHAgiXdaQ11EVJOIRM0LODbvXqt3hLWI5M="}},"7DRP1Dxl0viZlzlFUS5r32FAAurC3kQWVFdlquFZ4Aw=":{"valueMac":{"type":"Buffer","data":"v1nTcrk/7w7snL9bpIRkIetgCBytpEGDI1wEPyj8Gw4="}},"7SzDX4LnXm5zIuY0G2AqHk+5m/1pKxPWpMXRGPPpv2M=":{"valueMac":{"type":"Buffer","data":"LSiHBG0xDcS18YJQbBmTrd9C83bMymmme5prOmcDWso="}},"7fCF5GGCoSC46MiAjzjA0NtaMXvvhqF/o+3jIjk1dks=":{"valueMac":{"type":"Buffer","data":"9aieD9Wzu1ThU5eOA5kb9QpbFX0cfPQicySm4PDFCcw="}},"7yvMam7P0LT0Pl1VqMra+NHlFjlWVPyYmzQy2ZJHWoE=":{"valueMac":{"type":"Buffer","data":"JIY2C5oLUL04eTIOosy1k9slhAcMIoq5sA6RMSZTRNA="}},"78oMMUN0HhqH/jRnZr2iBDIJszWUWqaA4NnS3iPkcrQ=":{"valueMac":{"type":"Buffer","data":"MWqirCG+IyTHKdOMnzrZRFsPkaFo/j5MtP513aDef4s="}},"7+8DkoxBKB4VZeqeDznt7LlZ2Ls7LszbYK7PmsansYk=":{"valueMac":{"type":"Buffer","data":"SwK1d6qyEgb1K8YStC05dAMob3CC0MXasnm2GOkfV8M="}},"8AsmLcKY60zgy/yuJQuC/fxv1lr/LkEMh4uSDXaeyus=":{"valueMac":{"type":"Buffer","data":"cL+G0S3vKqnPLwVs2qq8BUsdl2ZRV72i4t59ZxFmwpA="}},"8f8KGbepA/779rIARMd1F1YxwKNeFzrciX/NMXd35iU=":{"valueMac":{"type":"Buffer","data":"cPvCYOts4M+osNcIu33UxlPTDn0clf8Qdcx08oRX/NQ="}},"8gmsYxq12DBni8Wr+LC+9EO3oOoNJdji5luV2K6jLU8=":{"valueMac":{"type":"Buffer","data":"QcX+1hSSql7JCKIM6o+SZwiTXxqvAfuYM4UE3fg0i24="}},"9CLYeKdh9yF5Fin7dkPrRhIS/+1nBzbxL2vtX7VC78Q=":{"valueMac":{"type":"Buffer","data":"rb83adfXlhgTXcL7xdJVXkUQUnNTk8o5tFRDLP9UHCk="}},"9DgEuSFdYLh/Y4k/PKsF1uf4jbQSMKNLNUXN1ENAQKQ=":{"valueMac":{"type":"Buffer","data":"jDYgiqtTDYbZ2TkdFbFf3B4flSUd4A+vvd61jEw5kdU="}},"9SM/P7qzSleO9SMSczGwsI34e46PMkqUmX4IPyDewfk=":{"valueMac":{"type":"Buffer","data":"GJYfGE7AZugRlW2cx4APkX5UR773BJlOlisur0ZKKCE="}},"9dT2EAmEfmMDkaR/oB8yD4UCgd4asLoBrEACsCbueok=":{"valueMac":{"type":"Buffer","data":"2y47u1Z2VN5N+da+CYLTC4GkanuWqst8FG/FKAIU3x8="}},"9oXSWY8+Z9lcXcSniSQYVLWV82YgkY4hCBTzxPOE4EE=":{"valueMac":{"type":"Buffer","data":"zjgho3Hh41COL9eXWYnLO00Bl/c9OmARcGEF1OxVRgI="}},"95CgAi6HWX9fpgTsy0E3JGdgDwmcjvADGfzViG1O+hQ=":{"valueMac":{"type":"Buffer","data":"3Wu+c1amNpWMN/p5OZNhZ2l5A8KwJ2kVjQwH2wu/CF8="}},"+n5+mFk6H1J2E0gAAkj+2Qb8GI+5SpwcY3MmAOseNmg=":{"valueMac":{"type":"Buffer","data":"pUUlremBBljRuSMJPRFDRZGCVvnkh+ImgE7X7HkJtrM="}},"+rq+O+06LxA4fhtEkmoYacUBRaSiIKLFVsphzHlzZQA=":{"valueMac":{"type":"Buffer","data":"pNrw0cD52Ftaj0cD7fey+C9RJOAlL1MRcp+sRadUfio="}},"/BA6W4/16LLlJ2TO40a8rUhE7EUZxNPxI/F+PV6oH/g=":{"valueMac":{"type":"Buffer","data":"GOJFGK2LLDJk0MjVvBdIBGKKbSX9cUnKoyxqlq0NSW8="}},"/SrpGw76RwgAs509jkVkYdWvlIm5UM485i65KBEtOXE=":{"valueMac":{"type":"Buffer","data":"FSXZLTDmb2ecFCWwINKGdEtkhsdBGwjqGEtiqZzid98="}},"/WQ2+WFNJzpjYXtdBKBsrv4FEutXgOzwoe9PukdlmME=":{"valueMac":{"type":"Buffer","data":"L2ri6Cq3wkzsOjQpFpZmQEAEFumi9ZTrBi+cR0xpYdg="}},"/ec3VKHfOjt8RADGdzcyCQgqxjsCBbVvKtqnYfXl8t4=":{"valueMac":{"type":"Buffer","data":"thDxFYu5COK3VqeSdJtENpWdVsP0KA/6//jm2xO3hOg="}},"/t18AprsCx9utaUWunWdD2EUMahOF0NKzGEDKYk0B3M=":{"valueMac":{"type":"Buffer","data":"lxmFqISz/wDKXT/clHoUZaUoMAx1DdnRM0BCTDP9UZM="}}}}