{"noiseKey":{"private":{"type":"Buffer","data":"IPx7sGqgEYYYcQKbynkxA4onEJ57RqicRZoQ8jFHpXM="},"public":{"type":"Buffer","data":"c0+WC4eaSfzsfd2LilHgp/DviomzbKPR1ZScEJs9iUw="}},"pairingEphemeralKeyPair":{"private":{"type":"Buffer","data":"0PINIg3+PX/sIr+cxEnBwivDL7wjqpYSoH6BwBpHW0g="},"public":{"type":"Buffer","data":"1eGRoxMf9DSqkhqyC3C8KCjllgthKFn0JHg9saCimk8="}},"signedIdentityKey":{"private":{"type":"Buffer","data":"6Hx3hdGLh1y880/871Z8M/D1CJ7ueQl4G+b0BOtEUXY="},"public":{"type":"Buffer","data":"fZKq6KEXlxZfBaWHxvIfUsPBHN1niISgYFs/XyE/Ezk="}},"signedPreKey":{"keyPair":{"private":{"type":"Buffer","data":"0PXdbDhieMzGuT9wA6OyK+Z5DjOPWLb/KJQOIeTs/Gw="},"public":{"type":"Buffer","data":"0qBtDOWOfPuEZ/Q0UuGf9mZalfVlnjs/tgpNqK/ZuXo="}},"signature":{"type":"Buffer","data":"BSEIXGzPY8S1/LxcbBTu8kIZgZL7Xaxbn2c7UbPniHTB/iEIqdTvN73Q1ZDeYyJKuj4IxkMxQEltks5GM/4bjQ=="},"keyId":1},"registrationId":90,"advSecretKey":"SuK+ok2kB6sNdYlqGN6IzI68/0amBqDooTdPRYpqo0o=","processedHistoryMessages":[{"key":{"remoteJid":"919651714843@s.whatsapp.net","fromMe":true,"id":"11A00ACDA7456D12363C713FA367D4F7"},"messageTimestamp":1746518374},{"key":{"remoteJid":"919651714843@s.whatsapp.net","fromMe":true,"id":"FC941C804D5C857A3EA2541CACC8F9E9"},"messageTimestamp":1746518376},{"key":{"remoteJid":"919651714843@s.whatsapp.net","fromMe":true,"id":"C43DF25E549A486F399F060F824C5808"},"messageTimestamp":1746518397}],"nextPreKeyId":31,"firstUnuploadedPreKeyId":31,"accountSyncCounter":1,"accountSettings":{"unarchiveChats":false},"registered":false,"lastPropHash":"3fYwCK","routingInfo":{"type":"Buffer","data":"CA0ICA=="},"account":{"details":"CIHZptwGEN2C58AGGAYgACgA","accountSignatureKey":"cRiB0VK8GiE7wDmgyyuI4MuGe2u0tSAP//rS4rQoUC8=","accountSignature":"7xcrjTmAnw17YD2KSLX01QbimfiocGpT3jvMNO+2otvRzXkRJJk5YuTxQBe6642P8wYCn+fWgFIIkJbYd32xAA==","deviceSignature":"ZFvUITIerlrDl8szO3YDhz5y/xWg8BNXQAXo/X2yMUCgoL9ezk3jzCFVKguJBzn3jiR8XU45txvlsIcZkjPMiQ=="},"me":{"id":"919651714843:12@s.whatsapp.net","name":"~ Abhay Chauhan","lid":"12532999819472:12@lid"},"signalIdentities":[{"identifier":{"name":"919651714843:12@s.whatsapp.net","deviceId":0},"identifierKey":{"type":"Buffer","data":"BXEYgdFSvBohO8A5oMsriODLhntrtLUgD//60uK0KFAv"}}],"platform":"android","lastAccountSyncTimestamp":1746522232,"myAppStateKeyId":"AAAAAKcq"}