[{"senderKeyId":1008267511,"senderChainKey":{"iteration":1,"seed":"iOH+PxhzOhZTEsheoiAYa7qd+iRMiW0hPbvMYZG42nw="},"senderSigningKey":{"public":"BXtxcpdEtnveQoXZqsg9Q1d44v6rElECXon4moIjvL1N"},"senderMessageKeys":[]},{"senderKeyId":547734853,"senderChainKey":{"iteration":2,"seed":"SEqTnKK9uAldYx1FF0xnuNyxpCLwefUq4S2qKz/9Wkg="},"senderSigningKey":{"public":"BUC+VggydsLqqqGRJ6wkjrrzNZUwby4lMdZBUVTfBEdr"},"senderMessageKeys":[]},{"senderKeyId":977038884,"senderChainKey":{"iteration":3,"seed":"vSJfFQfPoQHbiu4JY6pf08KAGpNNKZU608Dm1iq78ZY="},"senderSigningKey":{"public":"BRHuqfCHc2YrG13ZJ1d48x9Bde/0BiASxEZBEDePHIJ1"},"senderMessageKeys":[]}]