{"_sessions":{"BYkpDUPe9PcpbXw42DTdqg4tbSdPcgWzczWwxY5HYEJX":{"registrationId":2049246228,"currentRatchet":{"ephemeralKeyPair":{"pubKey":"BWlNthNxHuCIXCRyhsimlc0FyupsptC0bpR2X+swiz9r","privKey":"mN2O3rfCIgRC/rJaJSUhoyFlDuyXjIqsAKLtB1aYXnM="},"lastRemoteEphemeralKey":"BaEnLUzyGoiIiYsOAiX03K0EJ1+4q9y8KjqKqrmgKsg8","previousCounter":0,"rootKey":"vOfIEob7jHL5ZOQXZKKmNM8eh2JAVJ+3ajDhgUaIbbM="},"indexInfo":{"baseKey":"BYkpDUPe9PcpbXw42DTdqg4tbSdPcgWzczWwxY5HYEJX","baseKeyType":2,"closed":-1,"used":1746521318569,"created":1746521318569,"remoteIdentityKey":"BVwOQI6tk6DrzgVXnqzwXQj9RysboO/X+QWTBVexcUga"},"_chains":{"BaEnLUzyGoiIiYsOAiX03K0EJ1+4q9y8KjqKqrmgKsg8":{"chainKey":{"counter":2,"key":"rkEQOxT5YA2EARbcqRGoSNTtWxW9Jzx2jzkXtgVxIuA="},"chainType":2,"messageKeys":{}},"BWlNthNxHuCIXCRyhsimlc0FyupsptC0bpR2X+swiz9r":{"chainKey":{"counter":-1,"key":"ODpFeHU9qJxZN8vq0xwHY9dERNiuwg+v7wsv41StL9s="},"chainType":1,"messageKeys":{}}}}},"version":"v1"}