{"_sessions":{"BdtJunAkMTMVouGWDEbiDtrq/MCKGSU/fY9EfND69YVV":{"registrationId":925868501,"currentRatchet":{"ephemeralKeyPair":{"pubKey":"Bd+EXwLDJaQsr/H1Vqki1ZJtiVzXUB+2oY+s864mUUxW","privKey":"eNVy3mYRHdvq2o7ly4xB3YCsfKrw0KT5c9qFU/gpLmE="},"lastRemoteEphemeralKey":"BQVe5CEwrUdO9R/IzgR/ILR6oFklUXiEjE20yn28Wtxn","previousCounter":0,"rootKey":"K/cbY1Z0cvQ4C4dai1VOKcH+HiXgALvHB9EAHAfkPLo="},"indexInfo":{"baseKey":"BdtJunAkMTMVouGWDEbiDtrq/MCKGSU/fY9EfND69YVV","baseKeyType":2,"closed":-1,"used":1746527159443,"created":1746527159443,"remoteIdentityKey":"BWymd3x9xDGUNPqVKcjk0euLXcpRfnu2x8fQpaVGnkVZ"},"_chains":{"BQVe5CEwrUdO9R/IzgR/ILR6oFklUXiEjE20yn28Wtxn":{"chainKey":{"counter":0,"key":"2ASS8hQzDOHAJEWO904Uy1iePNjVQr70Xj3Z52rtuVE="},"chainType":2,"messageKeys":{}},"Bd+EXwLDJaQsr/H1Vqki1ZJtiVzXUB+2oY+s864mUUxW":{"chainKey":{"counter":-1,"key":"7cHyJKXtMz5NUix1/jK3MNFiEx8IMh0FbahL2nYPcDs="},"chainType":1,"messageKeys":{}}}}},"version":"v1"}