{"_sessions":{"BSoVZJudAsMvVA3wF4Fd6pB90EJH30Q4Oz2vAJxi0Dso":{"registrationId":1863861629,"currentRatchet":{"ephemeralKeyPair":{"pubKey":"BTgsIfw+KWKeXIBF4iyaLAo2lVbDwz8s8sinOkdIQRwm","privKey":"yNoGGr7xJr5m1yMX99cVgFXbOlC5jhq8OhZz7dHoR3s="},"lastRemoteEphemeralKey":"BTfX8fufmWphuXOK247igNru6hzTv/t74MnGO8Lzr4Zp","previousCounter":0,"rootKey":"sAa06nrSztW65WXz6v2Kx8/Be9Qj/cxQ0Ggdpw8ASeY="},"indexInfo":{"baseKey":"BSoVZJudAsMvVA3wF4Fd6pB90EJH30Q4Oz2vAJxi0Dso","baseKeyType":2,"closed":-1,"used":1746518370847,"created":1746518370847,"remoteIdentityKey":"BXEYgdFSvBohO8A5oMsriODLhntrtLUgD//60uK0KFAv"},"_chains":{"BTfX8fufmWphuXOK247igNru6hzTv/t74MnGO8Lzr4Zp":{"chainKey":{"counter":7,"key":"scQgl/lSJ4zX/m0nz3KquiLjwcrY81t83BTP3pAoRnc="},"chainType":2,"messageKeys":{}},"BTgsIfw+KWKeXIBF4iyaLAo2lVbDwz8s8sinOkdIQRwm":{"chainKey":{"counter":-1,"key":"BkoFB1+TnVz2ToSe4ZDJHqpRGMkM/eDi8j1gkGPTFC0="},"chainType":1,"messageKeys":{}}}}},"version":"v1"}