{"_sessions":{"BaishXcWw97Fu+N9AX6gzDkuKC74259a9psYHNrxrHET":{"registrationId":1677836782,"currentRatchet":{"ephemeralKeyPair":{"pubKey":"BYgy2pwsEJUPm+cl3MGG3D0C4MMtYCF4mOD1g8MNe75Z","privKey":"6MfT71KyYgMdZ9dhRPG/dtNk+TKhfwrz4rbag95zO1c="},"lastRemoteEphemeralKey":"BfXJsQPen4itZmWm4vPdYeRWhHCQuKO83PkYsaMIMMZo","previousCounter":0,"rootKey":"m99ifxIdwlYHYUveHs7ImKb5ekfcNTtYyQ2S9V66INI="},"indexInfo":{"baseKey":"BaishXcWw97Fu+N9AX6gzDkuKC74259a9psYHNrxrHET","baseKeyType":2,"closed":-1,"used":1746527154966,"created":1746527154966,"remoteIdentityKey":"BU1V/Vjr5QDJ9JjV1pPLCwnpyk7gU+fCCSi/GWxjenxh"},"_chains":{"BfXJsQPen4itZmWm4vPdYeRWhHCQuKO83PkYsaMIMMZo":{"chainKey":{"counter":0,"key":"3kUkMqWULzQeWD5kSbCz8T42gGMo2LI9Qd8QViOrNfw="},"chainType":2,"messageKeys":{}},"BYgy2pwsEJUPm+cl3MGG3D0C4MMtYCF4mOD1g8MNe75Z":{"chainKey":{"counter":-1,"key":"thifow08ne7GM6UA7Hn0jjl/t9Cq5SyV4SkVIeSWO8o="},"chainType":1,"messageKeys":{}}}}},"version":"v1"}