{"_sessions":{"BYb1gdkJY48d1pzaFnD2gxsbzY7UC71cISNsUsuYTQps":{"registrationId":1700764877,"currentRatchet":{"ephemeralKeyPair":{"pubKey":"BaQQFjxK29XWc9UnjNpZ9ny7Fd833fBXQVLHFifbRxI0","privKey":"oLfUK5e6dFQwxRHU72iaJWOmN4qLkyEr4kGeBEFveXs="},"lastRemoteEphemeralKey":"BecMTFlulTemFY6IsrQg0pvC+vXPyYtMsZ23EQj5XXY7","previousCounter":0,"rootKey":"0ht7hHpSdy0f8y9FGnJK8LXk/Hnko7Vl7TftFjo+FBU="},"indexInfo":{"baseKey":"BYb1gdkJY48d1pzaFnD2gxsbzY7UC71cISNsUsuYTQps","baseKeyType":2,"closed":-1,"used":1746525922280,"created":1746525922280,"remoteIdentityKey":"BbALPkOejMO3AQtmKfC5nPStjGEg0DqQB3chpnWsxsYc"},"_chains":{"BecMTFlulTemFY6IsrQg0pvC+vXPyYtMsZ23EQj5XXY7":{"chainKey":{"counter":0,"key":"ZbmUwZ2n44tGL9pG0nVlbeALpMeN9TtELDpvT0UCgtc="},"chainType":2,"messageKeys":{}},"BaQQFjxK29XWc9UnjNpZ9ny7Fd833fBXQVLHFifbRxI0":{"chainKey":{"counter":-1,"key":"/2KviZcpJX1RQNyR9o+834CB1jqGMr+1SpL1l6jtBYU="},"chainType":1,"messageKeys":{}}}}},"version":"v1"}