{"_sessions":{"BdXUR0in1UDRODs0wx7WlwHZZbO64YmchrLKJzPNXzYe":{"registrationId":940466528,"currentRatchet":{"ephemeralKeyPair":{"pubKey":"BTidAwcDOIxrLd6G2yh0wFN2tVdnaFjbHPVLafg9eWoR","privKey":"uINpHcFk1vEM1+dubGSVR64PlF1GjDhyOMuIFRsuS3Y="},"lastRemoteEphemeralKey":"BdcdOhRN2xvD9ExQpB3Hm15iLjjPx9e/ozsSVv3KqPEI","previousCounter":0,"rootKey":"y1kSJPXcCWWaCNbRIkV4fGEHLlV21ZxcBiVGx6K8j8s="},"indexInfo":{"baseKey":"BdXUR0in1UDRODs0wx7WlwHZZbO64YmchrLKJzPNXzYe","baseKeyType":2,"closed":-1,"used":1746525922381,"created":1746525922381,"remoteIdentityKey":"BVOJdI807cW1yQgrF7aZaAWq6DiI29O0F6GKmC1LMuMd"},"_chains":{"BdcdOhRN2xvD9ExQpB3Hm15iLjjPx9e/ozsSVv3KqPEI":{"chainKey":{"counter":0,"key":"1vawr3NXtzLbV4w4SM27xsuBlPF4k1nnrGvcCo0PIak="},"chainType":2,"messageKeys":{}},"BTidAwcDOIxrLd6G2yh0wFN2tVdnaFjbHPVLafg9eWoR":{"chainKey":{"counter":-1,"key":"Zj7msVXEz9We7BXeHq4RKd30gp0TvAh+UZQqiTJNlgA="},"chainType":1,"messageKeys":{}}}}},"version":"v1"}