{"_sessions":{"BRZ1IDSRHAuP3VtJgJVM+gCVdza8ALDogrBUqWQleAJc":{"registrationId":1940642890,"currentRatchet":{"ephemeralKeyPair":{"pubKey":"BVWHkml9rFX5Qx6We/WpisX9TAjhsHfZVk+sMgceuq8P","privKey":"6NhIcle1EI4zh1wt8YLn2M1eP8gxsI/crv6IZqOhl0s="},"lastRemoteEphemeralKey":"BbWa4gjbe3OgJ/YxYuhSrjNhI78BLK5LQWx3BM5h+OY4","previousCounter":0,"rootKey":"Fdyjcdr781LgUOFzqIzZCraQNZ/pbhVBfBTzlIlmOVk="},"indexInfo":{"baseKey":"BRZ1IDSRHAuP3VtJgJVM+gCVdza8ALDogrBUqWQleAJc","baseKeyType":2,"closed":-1,"used":1746525922463,"created":1746525922463,"remoteIdentityKey":"BfI80GHrjvPqBENIlaqGs6WFVHuK27i5uwhunVJQ4I0w"},"_chains":{"BbWa4gjbe3OgJ/YxYuhSrjNhI78BLK5LQWx3BM5h+OY4":{"chainKey":{"counter":1,"key":"KSV03inhwFZ+H2mA0EDCFbRjCOXRd4btEBpfJoKUC7I="},"chainType":2,"messageKeys":{}},"BVWHkml9rFX5Qx6We/WpisX9TAjhsHfZVk+sMgceuq8P":{"chainKey":{"counter":-1,"key":"xI+JkofUbkjYxH5lrkn9mh6GaOlwLNoZBImchUVLT7g="},"chainType":1,"messageKeys":{}}}}},"version":"v1"}