{"_sessions":{"BXZub/uD3qEyx05dkccOI0R330I0/DJPWN2M9RlK/Cwu":{"registrationId":450393531,"currentRatchet":{"ephemeralKeyPair":{"pubKey":"BWhRIPS2d0hgAdJ+YniRhrwEuhO1G2SR6BF2xDdHSORA","privKey":"OIOKuFJ7/zIiREXv2y3LuErWlMnTx5IyVkSN60UYB0U="},"lastRemoteEphemeralKey":"BdnJUMnT7EV7kFTpJQx9/1nbk7DN/HJHblrdkz2Wn14I","previousCounter":0,"rootKey":"nZddBus3E8OFJ4PjZ2WSAExCZwsoeID2jfKNwhHgASw="},"indexInfo":{"baseKey":"BXZub/uD3qEyx05dkccOI0R330I0/DJPWN2M9RlK/Cwu","baseKeyType":2,"closed":-1,"used":1746526436126,"created":1746526436126,"remoteIdentityKey":"BXwZ26pxkxkRNCipSB6zUWHo15CukPJdgTxzR/CtDpQT"},"_chains":{"BdnJUMnT7EV7kFTpJQx9/1nbk7DN/HJHblrdkz2Wn14I":{"chainKey":{"counter":0,"key":"2s/HiF5PM01C8pnZmP2iJl44Axu+Ti4HtyFJZKP3iR0="},"chainType":2,"messageKeys":{}},"BWhRIPS2d0hgAdJ+YniRhrwEuhO1G2SR6BF2xDdHSORA":{"chainKey":{"counter":-1,"key":"Zzy9Ps/rzpl17EoTUdQXIF9qlCGzadrQet/LMCfaB14="},"chainType":1,"messageKeys":{}}}}},"version":"v1"}