{"_sessions":{"BZX/khKHzeuSqRuxoAikBDi8NitmFiVgU8f6UqRroqAe":{"registrationId":1386419282,"currentRatchet":{"ephemeralKeyPair":{"pubKey":"BVZjEsMlZG0IvwgmWwixf3Mrp15IGaJxNJMBR2jRgyU+","privKey":"YHE9cooAFFxXFrQaxJdZh05q2h1Mn8l8zjLSfWWP62I="},"lastRemoteEphemeralKey":"BTLvSgjKBT+U+kqgH53yaM1Hqckye9nFTVTO7ILMzoR7","previousCounter":0,"rootKey":"Kg2CiNJvn8lsWMkuoyW9NBJL3yNvhYBn7sMidxFO1QQ="},"indexInfo":{"baseKey":"BZX/khKHzeuSqRuxoAikBDi8NitmFiVgU8f6UqRroqAe","baseKeyType":2,"closed":-1,"used":1746526998913,"created":1746526998913,"remoteIdentityKey":"BXdJ84xxI2gUgOe660z7JHgYfYemH3V0ira5kGADT98I"},"_chains":{"BTLvSgjKBT+U+kqgH53yaM1Hqckye9nFTVTO7ILMzoR7":{"chainKey":{"counter":0,"key":"abROQxPNzejByZuP1y7Jr/X11V4tkKQX3jZUdG3OG6w="},"chainType":2,"messageKeys":{}},"BVZjEsMlZG0IvwgmWwixf3Mrp15IGaJxNJMBR2jRgyU+":{"chainKey":{"counter":-1,"key":"rY8Rp0KsztrFwLhkPiVEQn6AVkDE2dLTB5GURxwOOwI="},"chainType":1,"messageKeys":{}}}}},"version":"v1"}