{"_sessions":{"BaqHcYCtyHpZaGR1tBcuMYVlmS65gVr+8wZ5uVlvg5VT":{"registrationId":6078,"currentRatchet":{"ephemeralKeyPair":{"pubKey":"BbdOsLCAFOZ/W+57gDBXV8QW9PpnGruO3fd7gC0teTUN","privKey":"GGg6XNUm4mEe5gVXhUV2emQiHulKlwSEgWwraOb96Vo="},"lastRemoteEphemeralKey":"BeP9CG1UAgavNKm62kCPzq1r5DPrN3kjikSOfRVELiQm","previousCounter":0,"rootKey":"dAzsPKlU7bxyAJTtShH4AItPdr+uWxmz6ie4CWXV6FA="},"indexInfo":{"baseKey":"BaqHcYCtyHpZaGR1tBcuMYVlmS65gVr+8wZ5uVlvg5VT","baseKeyType":2,"closed":-1,"used":1746518996530,"created":1746518996530,"remoteIdentityKey":"BVs3oqGNyWpa4+U0iYvs2GFMqWXF+Q2cfH49RQWAzF5L"},"_chains":{"BeP9CG1UAgavNKm62kCPzq1r5DPrN3kjikSOfRVELiQm":{"chainKey":{"counter":6,"key":"XcKuG4XdvTvIWIGX3Qnv66Mi9mgc6TfciokPS7N3Bso="},"chainType":2,"messageKeys":{}},"BbdOsLCAFOZ/W+57gDBXV8QW9PpnGruO3fd7gC0teTUN":{"chainKey":{"counter":-1,"key":"dfe18oFzRhtRwAlUN3s4CybFhtZYwhOvjmQq9jg7K/I="},"chainType":1,"messageKeys":{}}}}},"version":"v1"}