{"_sessions":{"BcYFfH92L4uHeCCVhf+hWAt7u5xECvo4qj3ZMVoRDfRt":{"registrationId":1350145398,"currentRatchet":{"ephemeralKeyPair":{"pubKey":"BdzujM1vOLIQR8jeJtOma7wmvsgJryyZlQ0/VfOCBSBY","privKey":"gAlpKoRAzCbcVWxRliQN3sigRK+qDASOBDL92tzEgWs="},"lastRemoteEphemeralKey":"BY1aE9P+PTHfQNKmp2yhHNjl//blVKZtqUSNaXU7oeBQ","previousCounter":0,"rootKey":"jLmPBAZasytm7rovy7Xu6dIFJ1gn6bRAsBf8BHbWMDg="},"indexInfo":{"baseKey":"BcYFfH92L4uHeCCVhf+hWAt7u5xECvo4qj3ZMVoRDfRt","baseKeyType":2,"closed":-1,"used":1746525921980,"created":1746525921980,"remoteIdentityKey":"BXqkCZO75VciA9uWPLBp+54AAWoXTSFdpR3mi2VDDZwv"},"_chains":{"BY1aE9P+PTHfQNKmp2yhHNjl//blVKZtqUSNaXU7oeBQ":{"chainKey":{"counter":0,"key":"lQJRrygfGRtx6YfHjxjp5Ingb1xRVxIKoyV0Z3AJSVQ="},"chainType":2,"messageKeys":{}},"BdzujM1vOLIQR8jeJtOma7wmvsgJryyZlQ0/VfOCBSBY":{"chainKey":{"counter":-1,"key":"o/Q0+uKOSLvAOIOCUJ3XTCcO/TmBgZyfTxB53dbmxNg="},"chainType":1,"messageKeys":{}}}}},"version":"v1"}