{"_sessions":{"BUtke9orLFbz4s4+qvWjJzNHPZEV0CwfJs33IdtpPhoM":{"registrationId":2019329280,"currentRatchet":{"ephemeralKeyPair":{"pubKey":"BXotMGss+Id8ALrWXVc4sU9YhRDoQbvszgJIrBav3ugY","privKey":"IJglMs/HRM8z0Enk1l57a+DGsTdPt7Of9aHLKT0CHGk="},"lastRemoteEphemeralKey":"Bfr1piadkTRGZvxbVCd+nZ6dDogfMdCjtwfoQ6hgXFN+","previousCounter":0,"rootKey":"i1/qyB7FRH7b8cUYOuMh7eT7tTibGvV34fURthFtoY4="},"indexInfo":{"baseKey":"BUtke9orLFbz4s4+qvWjJzNHPZEV0CwfJs33IdtpPhoM","baseKeyType":2,"closed":-1,"used":1746526376460,"created":1746526376460,"remoteIdentityKey":"BYV4RfcjMl2H/f68iu3RBGzaHQzsVoTFl4lKeuxwQ+kH"},"_chains":{"Bfr1piadkTRGZvxbVCd+nZ6dDogfMdCjtwfoQ6hgXFN+":{"chainKey":{"counter":0,"key":"OmAsvQTip+kLOmwsSBOMvE1GOO8oPTDE4sfx1Zevrhc="},"chainType":2,"messageKeys":{}},"BXotMGss+Id8ALrWXVc4sU9YhRDoQbvszgJIrBav3ugY":{"chainKey":{"counter":-1,"key":"YgPAz5w1MU/lsIIYD8rXtuCOgOhoIwTfAm+ph3oGtQc="},"chainType":1,"messageKeys":{}}}}},"version":"v1"}