{"_sessions":{"BRBS7F1MfxmXjAHAKGgB44+W9XIdw+iZ/H3+FDxcTzI+":{"registrationId":1862894283,"currentRatchet":{"ephemeralKeyPair":{"pubKey":"BURTGiZJp1HZdBK7jxP15+v/oladL/teCuzTa6Cw18xN","privKey":"SMx9ekPNEkx8njwEpRXF529pYDul26WiPZqR/Ua5HEs="},"lastRemoteEphemeralKey":"BYksQVEDpAXlFjDNRFy70A7Fu5A/e2M514k5vW/CqfhF","previousCounter":0,"rootKey":"RXZLc+cm4VvImLk+mDq+Sj2/wEdcYl6FzegcAvhinn8="},"indexInfo":{"baseKey":"BRBS7F1MfxmXjAHAKGgB44+W9XIdw+iZ/H3+FDxcTzI+","baseKeyType":2,"closed":-1,"used":1746525921645,"created":1746525921645,"remoteIdentityKey":"BfRA2El41ziSOBdA5d5rIHtESW/o7kRq31GcnkJC5btX"},"_chains":{"BYksQVEDpAXlFjDNRFy70A7Fu5A/e2M514k5vW/CqfhF":{"chainKey":{"counter":2,"key":"TgQGGttNTO9KE36t5yR7+JSXKeoSlQfhkCU9SD/mZMM="},"chainType":2,"messageKeys":{}},"BURTGiZJp1HZdBK7jxP15+v/oladL/teCuzTa6Cw18xN":{"chainKey":{"counter":-1,"key":"IpDF5nzI0xySEDhLTvA8Dbyj/sd3P0G+ZgStnIkO7Hs="},"chainType":1,"messageKeys":{}}}}},"version":"v1"}