{"_sessions":{"BbgYzbDXcSk9ExFeZhUCD748e3SEHfND2J5WD8Tfqd4x":{"registrationId":56526686,"currentRatchet":{"ephemeralKeyPair":{"pubKey":"BVXL773HM7JvrrwGN7UXqVshTxU8m8wZrNJ9M7QFfxQu","privKey":"gGAqdyNIxelkYov3JcE27ZvcNep4DMrvu0ub98NpNUI="},"lastRemoteEphemeralKey":"BaNw8eY8TzZ+VCI0nz1Tde9B8VfYeinuezsUyd7aXa0V","previousCounter":0,"rootKey":"kh6MbyBPnwyz69s89jg+cZDzXLZcGDTZ/jK20MKwAQ4="},"indexInfo":{"baseKey":"BbgYzbDXcSk9ExFeZhUCD748e3SEHfND2J5WD8Tfqd4x","baseKeyType":2,"closed":-1,"used":1746526971855,"created":1746526971855,"remoteIdentityKey":"BegDdE5ZGD7RPUFBXeW0c6XwzXXRj7x6aNzsG4xTzBJZ"},"_chains":{"BaNw8eY8TzZ+VCI0nz1Tde9B8VfYeinuezsUyd7aXa0V":{"chainKey":{"counter":0,"key":"0zM4lrrmsPefsTC2p8+C/Al4yqfG6jKLKUKFC5tdOao="},"chainType":2,"messageKeys":{}},"BVXL773HM7JvrrwGN7UXqVshTxU8m8wZrNJ9M7QFfxQu":{"chainKey":{"counter":-1,"key":"Z/+/DnljCy/BotXayrYk3bjO5caYgZYE8HgJrU1MMQU="},"chainType":1,"messageKeys":{}}}}},"version":"v1"}